LGAs,Local Government Area,Output Year,Police Region,Police Regions,Selected Year,Year,Year Ending,Year ending,Criminial Incident Rate,Incidents Recorded,"Rate per 100,000 population",레코드 수
참, Darebin,2013,1 North West Metro,참,거짓,2013,참,June,"6,197.40","9,127","6,197.40",1
참, Moyne,2013,4 Western,참,거짓,2013,참,June,"2,872.60",472,"2,872.60",1
참, Baw Baw,2013,2 Eastern,참,거짓,2013,참,June,"4,773.50","2,178","4,773.50",1
참, Mitchell,2013,2 Eastern,참,거짓,2013,참,June,"5,038.60","1,904","5,038.60",1
참, Wyndham,2013,1 North West Metro,참,거짓,2013,참,June,"5,288.90","10,060","5,288.90",1
참, Casey,2013,3 Southern Metro,참,거짓,2013,참,June,"4,299.30","11,953","4,299.30",1
참, Hepburn,2013,4 Western,참,거짓,2013,참,June,"3,608.00",542,"3,608.00",1
참, Greater Geelong,2013,4 Western,참,거짓,2013,참,June,"6,077.70","13,575","6,077.70",1
참, Hindmarsh,2013,4 Western,참,거짓,2013,참,June,"3,639.80",213,"3,639.80",1
참, Northern Grampians,2013,4 Western,참,거짓,2013,참,June,"5,799.70",689,"5,799.70",1
참, Mildura,2013,4 Western,참,거짓,2013,참,June,"8,527.70","4,533","8,527.70",1
참, Mount Alexander,2013,4 Western,참,거짓,2013,참,June,"3,408.80",622,"3,408.80",1
참, Golden Plains,2013,4 Western,참,거짓,2013,참,June,"1,984.10",404,"1,984.10",1
참, Frankston,2013,3 Southern Metro,참,거짓,2013,참,June,"7,967.20","10,704","7,967.20",1
참, Indigo,2013,2 Eastern,참,거짓,2013,참,June,"2,223.60",347,"2,223.60",1
참, Mornington Peninsula,2013,3 Southern Metro,참,거짓,2013,참,June,"4,642.80","7,150","4,642.80",1
거짓,Total,2013,1 North West Metro,참,거짓,2013,참,June,"7,062.70","131,126","7,062.70",1
거짓,Total,2013,3 Southern Metro,참,거짓,2013,참,June,"5,548.60","77,512","5,548.60",1
거짓,Total,2013,4 Western,참,거짓,2013,참,June,"5,654.40","52,394","5,654.40",1
거짓,Total,2013,Justice Institutions and Immigration Facilities,거짓,거짓,2013,참,June,,969,,1
거짓,Total,2013,2 Eastern,참,거짓,2013,참,June,"4,457.30","70,947","4,457.30",1
거짓,Total,2013,Unincorporated Vic,거짓,거짓,2013,참,June,,104,,1
참, Kingston,2013,3 Southern Metro,참,거짓,2013,참,June,"4,678.50","7,127","4,678.50",1
참, Gannawarra,2013,4 Western,참,거짓,2013,참,June,"4,104.10",432,"4,104.10",1
참, Colac-Otway,2013,4 Western,참,거짓,2013,참,June,"5,082.00","1,069","5,082.00",1
참, Murrindindi,2013,2 Eastern,참,거짓,2013,참,June,"3,524.30",478,"3,524.30",1
참, Warrnambool,2013,4 Western,참,거짓,2013,참,June,"5,523.10","1,846","5,523.10",1
참, Greater Bendigo,2013,4 Western,참,거짓,2013,참,June,"5,477.70","5,804","5,477.70",1
참, West Wimmera,2013,4 Western,참,거짓,2013,참,June,"3,613.00",149,"3,613.00",1
참, Central Goldfields,2013,4 Western,참,거짓,2013,참,June,"6,773.30",868,"6,773.30",1
참, Moira,2013,2 Eastern,참,거짓,2013,참,June,"3,615.30","1,045","3,615.30",1
참, Latrobe,2013,2 Eastern,참,거짓,2013,참,June,"10,340.80","7,665","10,340.80",1
참, Greater Shepparton,2013,2 Eastern,참,거짓,2013,참,June,"7,738.30","4,894","7,738.30",1
참, Boroondara,2013,2 Eastern,참,거짓,2013,참,June,"3,381.50","5,765","3,381.50",1
참, Knox,2013,2 Eastern,참,거짓,2013,참,June,"4,283.40","6,697","4,283.40",1
참, East Gippsland,2013,2 Eastern,참,거짓,2013,참,June,"6,866.20","3,008","6,866.20",1
참, Nillumbik,2013,1 North West Metro,참,거짓,2013,참,June,"2,336.40","1,476","2,336.40",1
참, Wangaratta,2013,2 Eastern,참,거짓,2013,참,June,"6,202.50","1,715","6,202.50",1
참, Yarra,2013,1 North West Metro,참,거짓,2013,참,June,"10,501.20","8,817","10,501.20",1
참, Buloke,2013,4 Western,참,거짓,2013,참,June,"3,506.60",224,"3,506.60",1
참, Manningham,2013,2 Eastern,참,거짓,2013,참,June,"2,376.70","2,813","2,376.70",1
참, Whittlesea,2013,1 North West Metro,참,거짓,2013,참,June,"5,202.70","9,327","5,202.70",1
참, Hobsons Bay,2013,1 North West Metro,참,거짓,2013,참,June,"6,474.00","5,774","6,474.00",1
참, Hume,2013,1 North West Metro,참,거짓,2013,참,June,"6,267.00","11,586","6,267.00",1
참, Cardinia,2013,3 Southern Metro,참,거짓,2013,참,June,"4,722.70","3,995","4,722.70",1
참, Yarriambiack,2013,4 Western,참,거짓,2013,참,June,"3,526.70",248,"3,526.70",1
참, Port Phillip,2013,3 Southern Metro,참,거짓,2013,참,June,"8,854.10","9,045","8,854.10",1
참, Queenscliffe,2013,4 Western,참,거짓,2013,참,June,"2,831.40",85,"2,831.40",1
참, Glenelg,2013,4 Western,참,거짓,2013,참,June,"5,551.30","1,099","5,551.30",1
참, Bayside,2013,3 Southern Metro,참,거짓,2013,참,June,"3,501.20","3,440","3,501.20",1
참, South Gippsland,2013,2 Eastern,참,거짓,2013,참,June,"3,448.50",975,"3,448.50",1
참, Moreland,2013,1 North West Metro,참,거짓,2013,참,June,"5,777.30","9,260","5,777.30",1
참, Whitehorse,2013,2 Eastern,참,거짓,2013,참,June,"3,482.80","5,645","3,482.80",1
참, Surf Coast,2013,4 Western,참,거짓,2013,참,June,"3,680.70","1,039","3,680.70",1
참, Maribyrnong,2013,1 North West Metro,참,거짓,2013,참,June,"8,807.80","7,027","8,807.80",1
참, Strathbogie,2013,2 Eastern,참,거짓,2013,참,June,"4,084.30",403,"4,084.30",1
참, Maroondah,2013,2 Eastern,참,거짓,2013,참,June,"4,673.90","5,131","4,673.90",1
참, Justice Institutions and Immigration Facilities,2013,Justice Institutions and Immigration Facilities,거짓,거짓,2013,참,June,,969,,1
참, Campaspe,2013,4 Western,참,거짓,2013,참,June,"5,909.20","2,199","5,909.20",1
참, Ararat,2013,4 Western,참,거짓,2013,참,June,"7,650.10",879,"7,650.10",1
참, Banyule,2013,1 North West Metro,참,거짓,2013,참,June,"4,584.40","5,699","4,584.40",1
참, Monash,2013,2 Eastern,참,거짓,2013,참,June,"3,616.30","6,627","3,616.30",1
참, Benalla,2013,2 Eastern,참,거짓,2013,참,June,"5,843.80",811,"5,843.80",1
참, Macedon Ranges,2013,4 Western,참,거짓,2013,참,June,"3,027.20","1,350","3,027.20",1
참, Pyrenees,2013,4 Western,참,거짓,2013,참,June,"3,834.00",266,"3,834.00",1
참, Alpine,2013,2 Eastern,참,거짓,2013,참,June,"2,572.70",316,"2,572.70",1
참, Stonnington,2013,3 Southern Metro,참,거짓,2013,참,June,"6,997.00","7,241","6,997.00",1
참, Greater Dandenong,2013,3 Southern Metro,참,거짓,2013,참,June,"8,218.10","12,204","8,218.10",1
참, Glen Eira,2013,3 Southern Metro,참,거짓,2013,참,June,"3,293.90","4,653","3,293.90",1
참, Unincorporated Vic,2013,Unincorporated Vic,거짓,거짓,2013,참,June,,104,,1
참, Brimbank,2013,1 North West Metro,참,거짓,2013,참,June,"7,780.00","15,262","7,780.00",1
참, Corangamite,2013,4 Western,참,거짓,2013,참,June,"2,845.80",467,"2,845.80",1
참, Bass Coast,2013,2 Eastern,참,거짓,2013,참,June,"5,700.40","1,786","5,700.40",1
참, Southern Grampians,2013,4 Western,참,거짓,2013,참,June,"5,019.90",821,"5,019.90",1
참, Loddon,2013,4 Western,참,거짓,2013,참,June,"4,070.20",306,"4,070.20",1
참, Melbourne,2013,1 North West Metro,참,거짓,2013,참,June,"20,712.50","24,588","20,712.50",1
참, Ballarat,2013,4 Western,참,거짓,2013,참,June,"8,158.10","8,023","8,158.10",1
참, Wellington,2013,2 Eastern,참,거짓,2013,참,June,"6,797.60","2,904","6,797.60",1
참, Swan Hill,2013,4 Western,참,거짓,2013,참,June,"6,637.10","1,394","6,637.10",1
참, Horsham,2013,4 Western,참,거짓,2013,참,June,"6,651.80","1,310","6,651.80",1
참, Melton,2013,1 North West Metro,참,거짓,2013,참,June,"5,258.40","6,517","5,258.40",1
참, Moonee Valley,2013,1 North West Metro,참,거짓,2013,참,June,"5,721.30","6,606","5,721.30",1
참, Moorabool,2013,4 Western,참,거짓,2013,참,June,"4,820.80","1,466","4,820.80",1
참, Mansfield,2013,2 Eastern,참,거짓,2013,참,June,"3,226.20",267,"3,226.20",1
참, Towong,2013,2 Eastern,참,거짓,2013,참,June,"3,120.30",186,"3,120.30",1
참, Wodonga,2013,2 Eastern,참,거짓,2013,참,June,"6,280.80","2,360","6,280.80",1
참, Yarra Ranges,2013,2 Eastern,참,거짓,2013,참,June,"3,331.30","5,027","3,331.30",1
참, Loddon,2014,4 Western,참,거짓,2014,참,June,"3,367.50",253,"3,367.50",1
참, Gannawarra,2014,4 Western,참,거짓,2014,참,June,"4,290.90",452,"4,290.90",1
참, Moreland,2014,1 North West Metro,참,거짓,2014,참,June,"6,063.40","9,950","6,063.40",1
참, Whitehorse,2014,2 Eastern,참,거짓,2014,참,June,"3,529.70","5,800","3,529.70",1
참, Casey,2014,3 Southern Metro,참,거짓,2014,참,June,"4,250.90","12,240","4,250.90",1
참, Swan Hill,2014,4 Western,참,거짓,2014,참,June,"7,201.50","1,508","7,201.50",1
참, Surf Coast,2014,4 Western,참,거짓,2014,참,June,"3,546.40","1,024","3,546.40",1
참, Yarriambiack,2014,4 Western,참,거짓,2014,참,June,"2,773.00",192,"2,773.00",1
참, Moyne,2014,4 Western,참,거짓,2014,참,June,"2,810.10",464,"2,810.10",1
참, Maroondah,2014,2 Eastern,참,거짓,2014,참,June,"5,280.00","5,883","5,280.00",1
참, Whittlesea,2014,1 North West Metro,참,거짓,2014,참,June,"5,516.80","10,366","5,516.80",1
참, Hobsons Bay,2014,1 North West Metro,참,거짓,2014,참,June,"6,113.90","5,528","6,113.90",1
참, Campaspe,2014,4 Western,참,거짓,2014,참,June,"5,702.00","2,129","5,702.00",1
참, Macedon Ranges,2014,4 Western,참,거짓,2014,참,June,"3,188.80","1,450","3,188.80",1
참, Alpine,2014,2 Eastern,참,거짓,2014,참,June,"2,622.40",324,"2,622.40",1
참, Hume,2014,1 North West Metro,참,거짓,2014,참,June,"6,748.80","12,909","6,748.80",1
참, Manningham,2014,2 Eastern,참,거짓,2014,참,June,"2,661.70","3,179","2,661.70",1
거짓,Total,2014,4 Western,참,거짓,2014,참,June,"5,627.40","52,814","5,627.40",1
거짓,Total,2014,1 North West Metro,참,거짓,2014,참,June,"7,164.90","137,312","7,164.90",1
거짓,Total,2014,Justice Institutions and Immigration Facilities,거짓,거짓,2014,참,June,,838,,1
거짓,Total,2014,3 Southern Metro,참,거짓,2014,참,June,"5,486.50","78,395","5,486.50",1
거짓,Total,2014,2 Eastern,참,거짓,2014,참,June,"4,639.30","74,703","4,639.30",1
거짓,Total,2014,Unincorporated Vic,거짓,거짓,2014,참,June,,60,,1
참, Stonnington,2014,3 Southern Metro,참,거짓,2014,참,June,"6,869.10","7,274","6,869.10",1
참, Mornington Peninsula,2014,3 Southern Metro,참,거짓,2014,참,June,"4,985.90","7,803","4,985.90",1
참, Latrobe,2014,2 Eastern,참,거짓,2014,참,June,"10,174.80","7,543","10,174.80",1
참, Kingston,2014,3 Southern Metro,참,거짓,2014,참,June,"4,783.70","7,377","4,783.70",1
참, Wodonga,2014,2 Eastern,참,거짓,2014,참,June,"6,163.80","2,365","6,163.80",1
참, Wyndham,2014,1 North West Metro,참,거짓,2014,참,June,"5,100.90","10,279","5,100.90",1
참, Greater Dandenong,2014,3 Southern Metro,참,거짓,2014,참,June,"7,936.40","12,074","7,936.40",1
참, Wellington,2014,2 Eastern,참,거짓,2014,참,June,"6,535.80","2,807","6,535.80",1
참, Greater Shepparton,2014,2 Eastern,참,거짓,2014,참,June,"8,487.30","5,425","8,487.30",1
참, Moorabool,2014,4 Western,참,거짓,2014,참,June,"4,513.00","1,402","4,513.00",1
참, Golden Plains,2014,4 Western,참,거짓,2014,참,June,"1,866.10",390,"1,866.10",1
참, Benalla,2014,2 Eastern,참,거짓,2014,참,June,"6,116.00",850,"6,116.00",1
참, Brimbank,2014,1 North West Metro,참,거짓,2014,참,June,"7,218.80","14,327","7,218.80",1
참, Corangamite,2014,4 Western,참,거짓,2014,참,June,"2,907.00",475,"2,907.00",1
참, Buloke,2014,4 Western,참,거짓,2014,참,June,"2,541.40",161,"2,541.40",1
참, Bass Coast,2014,2 Eastern,참,거짓,2014,참,June,"6,679.80","2,132","6,679.80",1
참, Banyule,2014,1 North West Metro,참,거짓,2014,참,June,"5,468.90","6,842","5,468.90",1
참, Mount Alexander,2014,4 Western,참,거짓,2014,참,June,"3,416.00",632,"3,416.00",1
참, Nillumbik,2014,1 North West Metro,참,거짓,2014,참,June,"2,550.70","1,618","2,550.70",1
참, Colac-Otway,2014,4 Western,참,거짓,2014,참,June,"5,456.40","1,153","5,456.40",1
참, Melton,2014,1 North West Metro,참,거짓,2014,참,June,"5,713.40","7,388","5,713.40",1
참, Hepburn,2014,4 Western,참,거짓,2014,참,June,"3,299.50",501,"3,299.50",1
참, Yarra Ranges,2014,2 Eastern,참,거짓,2014,참,June,"3,531.00","5,366","3,531.00",1
참, Monash,2014,2 Eastern,참,거짓,2014,참,June,"3,754.50","6,989","3,754.50",1
참, Glen Eira,2014,3 Southern Metro,참,거짓,2014,참,June,"3,163.70","4,546","3,163.70",1
참, Frankston,2014,3 Southern Metro,참,거짓,2014,참,June,"8,019.50","10,921","8,019.50",1
참, Justice Institutions and Immigration Facilities,2014,Justice Institutions and Immigration Facilities,거짓,거짓,2014,참,June,,838,,1
참, Bayside,2014,3 Southern Metro,참,거짓,2014,참,June,"3,376.90","3,370","3,376.90",1
참, Strathbogie,2014,2 Eastern,참,거짓,2014,참,June,"3,683.40",369,"3,683.40",1
참, Southern Grampians,2014,4 Western,참,거짓,2014,참,June,"4,976.90",809,"4,976.90",1
참, Indigo,2014,2 Eastern,참,거짓,2014,참,June,"2,129.40",335,"2,129.40",1
참, Baw Baw,2014,2 Eastern,참,거짓,2014,참,June,"4,738.00","2,210","4,738.00",1
참, Maribyrnong,2014,1 North West Metro,참,거짓,2014,참,June,"8,390.40","6,919","8,390.40",1
참, Mitchell,2014,2 Eastern,참,거짓,2014,참,June,"5,255.30","2,054","5,255.30",1
참, Mansfield,2014,2 Eastern,참,거짓,2014,참,June,"4,014.30",337,"4,014.30",1
참, Glenelg,2014,4 Western,참,거짓,2014,참,June,"6,499.60","1,284","6,499.60",1
참, West Wimmera,2014,4 Western,참,거짓,2014,참,June,"2,426.90",98,"2,426.90",1
참, Greater Bendigo,2014,4 Western,참,거짓,2014,참,June,"5,732.90","6,189","5,732.90",1
참, Ararat,2014,4 Western,참,거짓,2014,참,June,"6,617.60",765,"6,617.60",1
참, Unincorporated Vic,2014,Unincorporated Vic,거짓,거짓,2014,참,June,,60,,1
참, Boroondara,2014,2 Eastern,참,거짓,2014,참,June,"3,549.80","6,129","3,549.80",1
참, Moonee Valley,2014,1 North West Metro,참,거짓,2014,참,June,"5,355.70","6,307","5,355.70",1
참, Port Phillip,2014,3 Southern Metro,참,거짓,2014,참,June,"8,336.00","8,707","8,336.00",1
참, Melbourne,2014,1 North West Metro,참,거짓,2014,참,June,"18,770.90","24,022","18,770.90",1
참, Central Goldfields,2014,4 Western,참,거짓,2014,참,June,"5,867.70",756,"5,867.70",1
참, Mildura,2014,4 Western,참,거짓,2014,참,June,"8,608.60","4,626","8,608.60",1
참, East Gippsland,2014,2 Eastern,참,거짓,2014,참,June,"6,545.20","2,898","6,545.20",1
참, Murrindindi,2014,2 Eastern,참,거짓,2014,참,June,"3,799.20",520,"3,799.20",1
참, Warrnambool,2014,4 Western,참,거짓,2014,참,June,"5,511.60","1,859","5,511.60",1
참, Wangaratta,2014,2 Eastern,참,거짓,2014,참,June,"6,047.70","1,685","6,047.70",1
참, Greater Geelong,2014,4 Western,참,거짓,2014,참,June,"6,135.80","13,974","6,135.80",1
참, Cardinia,2014,3 Southern Metro,참,거짓,2014,참,June,"4,636.10","4,083","4,636.10",1
참, Towong,2014,2 Eastern,참,거짓,2014,참,June,"3,326.60",199,"3,326.60",1
참, Darebin,2014,1 North West Metro,참,거짓,2014,참,June,"7,329.20","10,958","7,329.20",1
참, Pyrenees,2014,4 Western,참,거짓,2014,참,June,"5,037.60",355,"5,037.60",1
참, Hindmarsh,2014,4 Western,참,거짓,2014,참,June,"2,549.60",149,"2,549.60",1
참, Horsham,2014,4 Western,참,거짓,2014,참,June,"7,276.70","1,437","7,276.70",1
참, Queenscliffe,2014,4 Western,참,거짓,2014,참,June,"2,862.00",85,"2,862.00",1
참, Yarra,2014,1 North West Metro,참,거짓,2014,참,June,"11,348.40","9,899","11,348.40",1
참, Moira,2014,2 Eastern,참,거짓,2014,참,June,"3,869.40","1,126","3,869.40",1
참, Northern Grampians,2014,4 Western,참,거짓,2014,참,June,"5,502.30",648,"5,502.30",1
참, Ballarat,2014,4 Western,참,거짓,2014,참,June,"7,600.50","7,594","7,600.50",1
참, Knox,2014,2 Eastern,참,거짓,2014,참,June,"4,643.90","7,311","4,643.90",1
참, South Gippsland,2014,2 Eastern,참,거짓,2014,참,June,"3,039.90",867,"3,039.90",1
참, Stonnington,2015,3 Southern Metro,참,거짓,2015,참,June,"6,860.30","7,411","6,860.30",1
참, Glenelg,2015,4 Western,참,거짓,2015,참,June,"6,911.10","1,363","6,911.10",1
참, Corangamite,2015,4 Western,참,거짓,2015,참,June,"2,851.20",464,"2,851.20",1
참, Brimbank,2015,1 North West Metro,참,거짓,2015,참,June,"7,082.00","14,225","7,082.00",1
참, Mornington Peninsula,2015,3 Southern Metro,참,거짓,2015,참,June,"4,756.00","7,554","4,756.00",1
참, Bass Coast,2015,2 Eastern,참,거짓,2015,참,June,"5,804.90","1,891","5,804.90",1
참, Banyule,2015,1 North West Metro,참,거짓,2015,참,June,"5,384.30","6,789","5,384.30",1
참, Mitchell,2015,2 Eastern,참,거짓,2015,참,June,"5,866.30","2,362","5,866.30",1
참, Ballarat,2015,4 Western,참,거짓,2015,참,June,"8,268.70","8,391","8,268.70",1
참, Ararat,2015,4 Western,참,거짓,2015,참,June,"7,591.90",884,"7,591.90",1
참, Wodonga,2015,2 Eastern,참,거짓,2015,참,June,"6,335.60","2,485","6,335.60",1
참, Towong,2015,2 Eastern,참,거짓,2015,참,June,"2,298.10",138,"2,298.10",1
참, Glen Eira,2015,3 Southern Metro,참,거짓,2015,참,June,"3,153.00","4,601","3,153.00",1
참, Casey,2015,3 Southern Metro,참,거짓,2015,참,June,"4,775.20","14,303","4,775.20",1
거짓,Total,2015,3 Southern Metro,참,거짓,2015,참,June,"5,575.10","81,527","5,575.10",1
거짓,Total,2015,Unincorporated Vic,거짓,거짓,2015,참,June,,110,,1
거짓,Total,2015,Justice Institutions and Immigration Facilities,거짓,거짓,2015,참,June,,731,,1
거짓,Total,2015,2 Eastern,참,거짓,2015,참,June,"4,602.90","75,038","4,602.90",1
거짓,Total,2015,4 Western,참,거짓,2015,참,June,"5,882.10","55,948","5,882.10",1
거짓,Total,2015,1 North West Metro,참,거짓,2015,참,June,"6,999.80","138,435","6,999.80",1
참, Manningham,2015,2 Eastern,참,거짓,2015,참,June,"2,757.80","3,331","2,757.80",1
참, Benalla,2015,2 Eastern,참,거짓,2015,참,June,"5,379.60",749,"5,379.60",1
참, Monash,2015,2 Eastern,참,거짓,2015,참,June,"3,755.30","7,104","3,755.30",1
참, Central Goldfields,2015,4 Western,참,거짓,2015,참,June,"6,247.10",809,"6,247.10",1
참, Moira,2015,2 Eastern,참,거짓,2015,참,June,"3,749.00","1,098","3,749.00",1
참, Swan Hill,2015,4 Western,참,거짓,2015,참,June,"7,739.40","1,617","7,739.40",1
참, Campaspe,2015,4 Western,참,거짓,2015,참,June,"6,230.50","2,332","6,230.50",1
참, Mansfield,2015,2 Eastern,참,거짓,2015,참,June,"3,892.10",332,"3,892.10",1
참, Yarriambiack,2015,4 Western,참,거짓,2015,참,June,"3,369.50",230,"3,369.50",1
참, Justice Institutions and Immigration Facilities,2015,Justice Institutions and Immigration Facilities,거짓,거짓,2015,참,June,,731,,1
참, Pyrenees,2015,4 Western,참,거짓,2015,참,June,"5,140.00",369,"5,140.00",1
참, Wellington,2015,2 Eastern,참,거짓,2015,참,June,"6,816.90","2,943","6,816.90",1
참, Moyne,2015,4 Western,참,거짓,2015,참,June,"2,579.70",428,"2,579.70",1
참, Whittlesea,2015,1 North West Metro,참,거짓,2015,참,June,"5,049.60","9,940","5,049.60",1
참, Hobsons Bay,2015,1 North West Metro,참,거짓,2015,참,June,"5,823.90","5,339","5,823.90",1
참, Loddon,2015,4 Western,참,거짓,2015,참,June,"3,425.80",258,"3,425.80",1
참, Port Phillip,2015,3 Southern Metro,참,거짓,2015,참,June,"8,687.60","9,242","8,687.60",1
참, Mildura,2015,4 Western,참,거짓,2015,참,June,"8,464.40","4,584","8,464.40",1
참, Bayside,2015,3 Southern Metro,참,거짓,2015,참,June,"3,367.30","3,410","3,367.30",1
참, Gannawarra,2015,4 Western,참,거짓,2015,참,June,"3,929.40",414,"3,929.40",1
참, Moreland,2015,1 North West Metro,참,거짓,2015,참,June,"6,206.60","10,419","6,206.60",1
참, Whitehorse,2015,2 Eastern,참,거짓,2015,참,June,"3,481.50","5,803","3,481.50",1
참, Murrindindi,2015,2 Eastern,참,거짓,2015,참,June,"3,704.50",513,"3,704.50",1
참, Warrnambool,2015,4 Western,참,거짓,2015,참,June,"6,049.10","2,057","6,049.10",1
참, Surf Coast,2015,4 Western,참,거짓,2015,참,June,"3,189.90",945,"3,189.90",1
참, Indigo,2015,2 Eastern,참,거짓,2015,참,June,"2,173.10",346,"2,173.10",1
참, Cardinia,2015,3 Southern Metro,참,거짓,2015,참,June,"4,549.40","4,199","4,549.40",1
참, Horsham,2015,4 Western,참,거짓,2015,참,June,"9,599.80","1,900","9,599.80",1
참, Yarra,2015,1 North West Metro,참,거짓,2015,참,June,"10,802.60","9,714","10,802.60",1
참, Maribyrnong,2015,1 North West Metro,참,거짓,2015,참,June,"7,605.30","6,448","7,605.30",1
참, Buloke,2015,4 Western,참,거짓,2015,참,June,"3,139.90",198,"3,139.90",1
참, East Gippsland,2015,2 Eastern,참,거짓,2015,참,June,"6,795.50","3,049","6,795.50",1
참, Hume,2015,1 North West Metro,참,거짓,2015,참,June,"7,067.50","14,006","7,067.50",1
참, Wangaratta,2015,2 Eastern,참,거짓,2015,참,June,"5,589.30","1,573","5,589.30",1
참, Alpine,2015,2 Eastern,참,거짓,2015,참,June,"2,630.90",327,"2,630.90",1
참, Unincorporated Vic,2015,Unincorporated Vic,거짓,거짓,2015,참,June,,110,,1
참, Greater Geelong,2015,4 Western,참,거짓,2015,참,June,"6,447.50","15,018","6,447.50",1
참, Darebin,2015,1 North West Metro,참,거짓,2015,참,June,"7,181.50","10,914","7,181.50",1
참, Hindmarsh,2015,4 Western,참,거짓,2015,참,June,"2,410.50",140,"2,410.50",1
참, Latrobe,2015,2 Eastern,참,거짓,2015,참,June,"11,314.70","8,403","11,314.70",1
참, Queenscliffe,2015,4 Western,참,거짓,2015,참,June,"4,125.50",121,"4,125.50",1
참, Wyndham,2015,1 North West Metro,참,거짓,2015,참,June,"4,805.60","10,275","4,805.60",1
참, Nillumbik,2015,1 North West Metro,참,거짓,2015,참,June,"2,716.90","1,730","2,716.90",1
참, Baw Baw,2015,2 Eastern,참,거짓,2015,참,June,"4,956.40","2,371","4,956.40",1
참, South Gippsland,2015,2 Eastern,참,거짓,2015,참,June,"3,241.70",933,"3,241.70",1
참, Kingston,2015,3 Southern Metro,참,거짓,2015,참,June,"4,809.10","7,514","4,809.10",1
참, Greater Dandenong,2015,3 Southern Metro,참,거짓,2015,참,June,"8,137.80","12,700","8,137.80",1
참, Melton,2015,1 North West Metro,참,거짓,2015,참,June,"5,696.90","7,686","5,696.90",1
참, Greater Shepparton,2015,2 Eastern,참,거짓,2015,참,June,"8,573.60","5,529","8,573.60",1
참, Moorabool,2015,4 Western,참,거짓,2015,참,June,"4,800.30","1,524","4,800.30",1
참, Golden Plains,2015,4 Western,참,거짓,2015,참,June,"2,454.60",525,"2,454.60",1
참, Southern Grampians,2015,4 Western,참,거짓,2015,참,June,"4,467.30",722,"4,467.30",1
참, Yarra Ranges,2015,2 Eastern,참,거짓,2015,참,June,"3,356.80","5,149","3,356.80",1
참, Knox,2015,2 Eastern,참,거짓,2015,참,June,"4,429.70","7,030","4,429.70",1
참, Mount Alexander,2015,4 Western,참,거짓,2015,참,June,"3,453.20",649,"3,453.20",1
참, Frankston,2015,3 Southern Metro,참,거짓,2015,참,June,"7,687.80","10,593","7,687.80",1
참, Strathbogie,2015,2 Eastern,참,거짓,2015,참,June,"3,145.00",320,"3,145.00",1
참, Maroondah,2015,2 Eastern,참,거짓,2015,참,June,"5,059.10","5,718","5,059.10",1
참, Moonee Valley,2015,1 North West Metro,참,거짓,2015,참,June,"5,475.30","6,583","5,475.30",1
참, Hepburn,2015,4 Western,참,거짓,2015,참,June,"3,534.60",542,"3,534.60",1
참, Macedon Ranges,2015,4 Western,참,거짓,2015,참,June,"3,165.60","1,468","3,165.60",1
참, Colac-Otway,2015,4 Western,참,거짓,2015,참,June,"4,908.10","1,042","4,908.10",1
참, Northern Grampians,2015,4 Western,참,거짓,2015,참,June,"6,638.60",773,"6,638.60",1
참, Melbourne,2015,1 North West Metro,참,거짓,2015,참,June,"17,802.80","24,367","17,802.80",1
참, Greater Bendigo,2015,4 Western,참,거짓,2015,참,June,"5,544.60","6,094","5,544.60",1
참, West Wimmera,2015,4 Western,참,거짓,2015,참,June,"2,189.20",87,"2,189.20",1
참, Boroondara,2015,2 Eastern,참,거짓,2015,참,June,"3,170.80","5,541","3,170.80",1
참, Bayside,2016,3 Southern Metro,참,거짓,2016,참,June,"3,857.70","3,970","3,857.70",1
참, Maroondah,2016,2 Eastern,참,거짓,2016,참,June,"5,530.50","6,349","5,530.50",1
참, Surf Coast,2016,4 Western,참,거짓,2016,참,June,"3,768.30","1,148","3,768.30",1
참, Cardinia,2016,3 Southern Metro,참,거짓,2016,참,June,"5,214.60","5,088","5,214.60",1
참, Towong,2016,2 Eastern,참,거짓,2016,참,June,"3,175.70",192,"3,175.70",1
참, Gannawarra,2016,4 Western,참,거짓,2016,참,June,"4,163.90",440,"4,163.90",1
참, Colac-Otway,2016,4 Western,참,거짓,2016,참,June,"5,804.70","1,240","5,804.70",1
참, Wodonga,2016,2 Eastern,참,거짓,2016,참,June,"6,379.10","2,558","6,379.10",1
참, Wyndham,2016,1 North West Metro,참,거짓,2016,참,June,"5,447.40","12,366","5,447.40",1
참, Swan Hill,2016,4 Western,참,거짓,2016,참,June,"7,982.40","1,668","7,982.40",1
참, Manningham,2016,2 Eastern,참,거짓,2016,참,June,"2,810.60","3,445","2,810.60",1
참, Moreland,2016,1 North West Metro,참,거짓,2016,참,June,"6,852.20","11,806","6,852.20",1
참, Whittlesea,2016,1 North West Metro,참,거짓,2016,참,June,"5,782.90","11,974","5,782.90",1
참, Hobsons Bay,2016,1 North West Metro,참,거짓,2016,참,June,"5,847.30","5,464","5,847.30",1
참, Macedon Ranges,2016,4 Western,참,거짓,2016,참,June,"3,296.10","1,565","3,296.10",1
거짓,Total,2016,Justice Institutions and Immigration Facilities,거짓,거짓,2016,참,June,,864,,1
거짓,Total,2016,1 North West Metro,참,거짓,2016,참,June,"7,616.10","155,979","7,616.10",1
거짓,Total,2016,3 Southern Metro,참,거짓,2016,참,June,"6,182.90","92,847","6,182.90",1
거짓,Total,2016,4 Western,참,거짓,2016,참,June,"6,527.60","63,159","6,527.60",1
거짓,Total,2016,2 Eastern,참,거짓,2016,참,June,"5,070.70","83,922","5,070.70",1
거짓,Total,2016,Unincorporated Vic,거짓,거짓,2016,참,June,,99,,1
참, Southern Grampians,2016,4 Western,참,거짓,2016,참,June,"5,551.10",895,"5,551.10",1
참, Baw Baw,2016,2 Eastern,참,거짓,2016,참,June,"5,675.90","2,798","5,675.90",1
참, Yarra Ranges,2016,2 Eastern,참,거짓,2016,참,June,"3,958.10","6,144","3,958.10",1
참, Glenelg,2016,4 Western,참,거짓,2016,참,June,"6,655.20","1,315","6,655.20",1
참, Campaspe,2016,4 Western,참,거짓,2016,참,June,"6,966.40","2,619","6,966.40",1
참, Justice Institutions and Immigration Facilities,2016,Justice Institutions and Immigration Facilities,거짓,거짓,2016,참,June,,864,,1
참, Port Phillip,2016,3 Southern Metro,참,거짓,2016,참,June,"9,356.80","10,164","9,356.80",1
참, Ararat,2016,4 Western,참,거짓,2016,참,June,"7,467.00",877,"7,467.00",1
참, Alpine,2016,2 Eastern,참,거짓,2016,참,June,"2,345.40",295,"2,345.40",1
참, Greater Dandenong,2016,3 Southern Metro,참,거짓,2016,참,June,"9,123.00","14,617","9,123.00",1
참, Queenscliffe,2016,4 Western,참,거짓,2016,참,June,"5,018.80",147,"5,018.80",1
참, Unincorporated Vic,2016,Unincorporated Vic,거짓,거짓,2016,참,June,,99,,1
참, Bass Coast,2016,2 Eastern,참,거짓,2016,참,June,"6,027.40","2,017","6,027.40",1
참, Darebin,2016,1 North West Metro,참,거짓,2016,참,June,"8,036.70","12,467","8,036.70",1
참, Golden Plains,2016,4 Western,참,거짓,2016,참,June,"2,929.70",645,"2,929.70",1
참, Mornington Peninsula,2016,3 Southern Metro,참,거짓,2016,참,June,"5,405.90","8,732","5,405.90",1
참, Greater Bendigo,2016,4 Western,참,거짓,2016,참,June,"6,207.50","6,969","6,207.50",1
참, West Wimmera,2016,4 Western,참,거짓,2016,참,June,"2,717.80",107,"2,717.80",1
참, Whitehorse,2016,2 Eastern,참,거짓,2016,참,June,"3,365.30","5,709","3,365.30",1
참, Greater Shepparton,2016,2 Eastern,참,거짓,2016,참,June,"9,050.00","5,889","9,050.00",1
참, Northern Grampians,2016,4 Western,참,거짓,2016,참,June,"7,458.90",863,"7,458.90",1
참, South Gippsland,2016,2 Eastern,참,거짓,2016,참,June,"3,248.40",946,"3,248.40",1
참, Hume,2016,1 North West Metro,참,거짓,2016,참,June,"7,851.10","16,255","7,851.10",1
참, Yarriambiack,2016,4 Western,참,거짓,2016,참,June,"5,071.90",342,"5,071.90",1
참, Glen Eira,2016,3 Southern Metro,참,거짓,2016,참,June,"3,630.30","5,394","3,630.30",1
참, Mildura,2016,4 Western,참,거짓,2016,참,June,"8,721.50","4,767","8,721.50",1
참, Loddon,2016,4 Western,참,거짓,2016,참,June,"4,763.20",360,"4,763.20",1
참, Buloke,2016,4 Western,참,거짓,2016,참,June,"2,944.00",185,"2,944.00",1
참, Murrindindi,2016,2 Eastern,참,거짓,2016,참,June,"4,049.20",569,"4,049.20",1
참, Warrnambool,2016,4 Western,참,거짓,2016,참,June,"6,641.00","2,274","6,641.00",1
참, Mount Alexander,2016,4 Western,참,거짓,2016,참,June,"4,780.90",913,"4,780.90",1
참, Latrobe,2016,2 Eastern,참,거짓,2016,참,June,"13,202.50","9,852","13,202.50",1
참, Kingston,2016,3 Southern Metro,참,거짓,2016,참,June,"5,271.80","8,379","5,271.80",1
참, Central Goldfields,2016,4 Western,참,거짓,2016,참,June,"7,595.30",994,"7,595.30",1
참, Pyrenees,2016,4 Western,참,거짓,2016,참,June,"5,399.10",395,"5,399.10",1
참, Melbourne,2016,1 North West Metro,참,거짓,2016,참,June,"18,171.60","26,548","18,171.60",1
참, Horsham,2016,4 Western,참,거짓,2016,참,June,"9,414.60","1,872","9,414.60",1
참, Banyule,2016,1 North West Metro,참,거짓,2016,참,June,"5,684.70","7,245","5,684.70",1
참, Moira,2016,2 Eastern,참,거짓,2016,참,June,"4,090.10","1,206","4,090.10",1
참, Moorabool,2016,4 Western,참,거짓,2016,참,June,"5,368.50","1,754","5,368.50",1
참, Ballarat,2016,4 Western,참,거짓,2016,참,June,"8,652.20","8,955","8,652.20",1
참, Greater Geelong,2016,4 Western,참,거짓,2016,참,June,"7,506.00","17,979","7,506.00",1
참, Knox,2016,2 Eastern,참,거짓,2016,참,June,"5,020.80","8,051","5,020.80",1
참, Moonee Valley,2016,1 North West Metro,참,거짓,2016,참,June,"5,962.40","7,326","5,962.40",1
참, Boroondara,2016,2 Eastern,참,거짓,2016,참,June,"3,578.00","6,343","3,578.00",1
참, Frankston,2016,3 Southern Metro,참,거짓,2016,참,June,"8,292.40","11,568","8,292.40",1
참, Wellington,2016,2 Eastern,참,거짓,2016,참,June,"7,353.50","3,201","7,353.50",1
참, Stonnington,2016,3 Southern Metro,참,거짓,2016,참,June,"7,652.90","8,495","7,652.90",1
참, Wangaratta,2016,2 Eastern,참,거짓,2016,참,June,"6,026.20","1,723","6,026.20",1
참, Monash,2016,2 Eastern,참,거짓,2016,참,June,"4,236.20","8,160","4,236.20",1
참, Benalla,2016,2 Eastern,참,거짓,2016,참,June,"6,773.00",947,"6,773.00",1
참, East Gippsland,2016,2 Eastern,참,거짓,2016,참,June,"7,046.10","3,213","7,046.10",1
참, Maribyrnong,2016,1 North West Metro,참,거짓,2016,참,June,"8,513.70","7,402","8,513.70",1
참, Strathbogie,2016,2 Eastern,참,거짓,2016,참,June,"4,064.90",421,"4,064.90",1
참, Corangamite,2016,4 Western,참,거짓,2016,참,June,"3,706.20",602,"3,706.20",1
참, Brimbank,2016,1 North West Metro,참,거짓,2016,참,June,"7,493.50","15,301","7,493.50",1
참, Casey,2016,3 Southern Metro,참,거짓,2016,참,June,"5,255.90","16,440","5,255.90",1
참, Indigo,2016,2 Eastern,참,거짓,2016,참,June,"2,202.30",356,"2,202.30",1
참, Moyne,2016,4 Western,참,거짓,2016,참,June,"2,551.20",427,"2,551.20",1
참, Mitchell,2016,2 Eastern,참,거짓,2016,참,June,"7,410.00","3,097","7,410.00",1
참, Mansfield,2016,2 Eastern,참,거짓,2016,참,June,"5,084.20",441,"5,084.20",1
참, Hindmarsh,2016,4 Western,참,거짓,2016,참,June,"3,388.70",196,"3,388.70",1
참, Melton,2016,1 North West Metro,참,거짓,2016,참,June,"6,353.40","8,985","6,353.40",1
참, Hepburn,2016,4 Western,참,거짓,2016,참,June,"4,161.00",646,"4,161.00",1
참, Yarra,2016,1 North West Metro,참,거짓,2016,참,June,"11,547.60","10,727","11,547.60",1
참, Nillumbik,2016,1 North West Metro,참,거짓,2016,참,June,"3,292.60","2,113","3,292.60",1
참, Mornington Peninsula,2017,3 Southern Metro,참,거짓,2017,참,June,"5,445.30","8,936","5,445.30",1
참, Alpine,2017,2 Eastern,참,거짓,2017,참,June,"2,200.50",279,"2,200.50",1
참, Bass Coast,2017,2 Eastern,참,거짓,2017,참,June,"5,900.50","2,049","5,900.50",1
참, Benalla,2017,2 Eastern,참,거짓,2017,참,June,"6,993.80",982,"6,993.80",1
참, Greater Bendigo,2017,4 Western,참,거짓,2017,참,June,"6,889.50","7,868","6,889.50",1
참, West Wimmera,2017,4 Western,참,거짓,2017,참,June,"3,391.50",134,"3,391.50",1
참, Moira,2017,2 Eastern,참,거짓,2017,참,June,"4,946.30","1,469","4,946.30",1
참, Pyrenees,2017,4 Western,참,거짓,2017,참,June,"4,918.00",360,"4,918.00",1
참, Loddon,2017,4 Western,참,거짓,2017,참,June,"4,626.60",350,"4,626.60",1
참, Buloke,2017,4 Western,참,거짓,2017,참,June,"2,203.30",137,"2,203.30",1
참, Glen Eira,2017,3 Southern Metro,참,거짓,2017,참,June,"3,848.10","5,797","3,848.10",1
거짓,Total,2017,2 Eastern,참,거짓,2017,참,June,"5,308.60","88,978","5,308.60",1
거짓,Total,2017,Unincorporated Vic,거짓,거짓,2017,참,June,,122,,1
거짓,Total,2017,1 North West Metro,참,거짓,2017,참,June,"7,288.30","153,663","7,288.30",1
거짓,Total,2017,Justice Institutions and Immigration Facilities,거짓,거짓,2017,참,June,,"1,258",,1
거짓,Total,2017,4 Western,참,거짓,2017,참,June,"6,735.00","66,274","6,735.00",1
거짓,Total,2017,3 Southern Metro,참,거짓,2017,참,June,"6,207.60","95,002","6,207.60",1
참, Mount Alexander,2017,4 Western,참,거짓,2017,참,June,"4,490.10",866,"4,490.10",1
참, Mitchell,2017,2 Eastern,참,거짓,2017,참,June,"6,959.40","2,994","6,959.40",1
참, Wyndham,2017,1 North West Metro,참,거짓,2017,참,June,"4,742.50","11,450","4,742.50",1
참, Moorabool,2017,4 Western,참,거짓,2017,참,June,"5,975.50","2,012","5,975.50",1
참, Southern Grampians,2017,4 Western,참,거짓,2017,참,June,"6,290.50","1,019","6,290.50",1
참, Towong,2017,2 Eastern,참,거짓,2017,참,June,"2,854.80",173,"2,854.80",1
참, Greater Geelong,2017,4 Western,참,거짓,2017,참,June,"7,241.20","17,831","7,241.20",1
참, Hobsons Bay,2017,1 North West Metro,참,거짓,2017,참,June,"5,409.40","5,112","5,409.40",1
참, Whittlesea,2017,1 North West Metro,참,거짓,2017,참,June,"5,697.90","12,212","5,697.90",1
참, Indigo,2017,2 Eastern,참,거짓,2017,참,June,"2,246.20",368,"2,246.20",1
참, Cardinia,2017,3 Southern Metro,참,거짓,2017,참,June,"4,899.10","5,007","4,899.10",1
참, Swan Hill,2017,4 Western,참,거짓,2017,참,June,"8,400.20","1,769","8,400.20",1
참, Boroondara,2017,2 Eastern,참,거짓,2017,참,June,"3,790.80","6,770","3,790.80",1
참, Moreland,2017,1 North West Metro,참,거짓,2017,참,June,"6,509.40","11,394","6,509.40",1
참, Frankston,2017,3 Southern Metro,참,거짓,2017,참,June,"8,468.40","11,901","8,468.40",1
참, Macedon Ranges,2017,4 Western,참,거짓,2017,참,June,"3,490.50","1,689","3,490.50",1
참, Casey,2017,3 Southern Metro,참,거짓,2017,참,June,"5,303.00","17,223","5,303.00",1
참, Maroondah,2017,2 Eastern,참,거짓,2017,참,June,"5,825.00","6,767","5,825.00",1
참, Central Goldfields,2017,4 Western,참,거짓,2017,참,June,"6,541.30",863,"6,541.30",1
참, Surf Coast,2017,4 Western,참,거짓,2017,참,June,"3,548.40","1,119","3,548.40",1
참, Glenelg,2017,4 Western,참,거짓,2017,참,June,"6,825.60","1,351","6,825.60",1
참, Strathbogie,2017,2 Eastern,참,거짓,2017,참,June,"4,303.20",453,"4,303.20",1
참, Corangamite,2017,4 Western,참,거짓,2017,참,June,"5,027.00",818,"5,027.00",1
참, Brimbank,2017,1 North West Metro,참,거짓,2017,참,June,"6,754.20","13,916","6,754.20",1
참, Unincorporated Vic,2017,Unincorporated Vic,거짓,거짓,2017,참,June,,122,,1
참, Wellington,2017,2 Eastern,참,거짓,2017,참,June,"7,026.40","3,081","7,026.40",1
참, Melton,2017,1 North West Metro,참,거짓,2017,참,June,"5,765.10","8,568","5,765.10",1
참, Stonnington,2017,3 Southern Metro,참,거짓,2017,참,June,"7,735.80","8,672","7,735.80",1
참, Wangaratta,2017,2 Eastern,참,거짓,2017,참,June,"6,441.80","1,864","6,441.80",1
참, Melbourne,2017,1 North West Metro,참,거짓,2017,참,June,"17,351.90","27,069","17,351.90",1
참, Northern Grampians,2017,4 Western,참,거짓,2017,참,June,"7,957.90",922,"7,957.90",1
참, Yarra,2017,1 North West Metro,참,거짓,2017,참,June,"11,782.10","11,130","11,782.10",1
참, East Gippsland,2017,2 Eastern,참,거짓,2017,참,June,"6,319.30","2,919","6,319.30",1
참, Manningham,2017,2 Eastern,참,거짓,2017,참,June,"3,259.40","4,044","3,259.40",1
참, Moonee Valley,2017,1 North West Metro,참,거짓,2017,참,June,"6,018.50","7,479","6,018.50",1
참, Knox,2017,2 Eastern,참,거짓,2017,참,June,"5,680.30","9,171","5,680.30",1
참, Monash,2017,2 Eastern,참,거짓,2017,참,June,"4,567.80","8,935","4,567.80",1
참, Campaspe,2017,4 Western,참,거짓,2017,참,June,"7,096.30","2,681","7,096.30",1
참, Mansfield,2017,2 Eastern,참,거짓,2017,참,June,"5,691.10",506,"5,691.10",1
참, Hindmarsh,2017,4 Western,참,거짓,2017,참,June,"4,995.60",286,"4,995.60",1
참, Hepburn,2017,4 Western,참,거짓,2017,참,June,"4,363.60",685,"4,363.60",1
참, Yarra Ranges,2017,2 Eastern,참,거짓,2017,참,June,"3,934.30","6,162","3,934.30",1
참, Greater Dandenong,2017,3 Southern Metro,참,거짓,2017,참,June,"9,135.20","14,878","9,135.20",1
참, Kingston,2017,3 Southern Metro,참,거짓,2017,참,June,"5,174.00","8,282","5,174.00",1
참, Port Phillip,2017,3 Southern Metro,참,거짓,2017,참,June,"9,405.60","10,298","9,405.60",1
참, Baw Baw,2017,2 Eastern,참,거짓,2017,참,June,"5,569.10","2,832","5,569.10",1
참, Greater Shepparton,2017,2 Eastern,참,거짓,2017,참,June,"9,345.80","6,161","9,345.80",1
참, Moyne,2017,4 Western,참,거짓,2017,참,June,"3,124.40",524,"3,124.40",1
참, Nillumbik,2017,1 North West Metro,참,거짓,2017,참,June,"3,250.70","2,093","3,250.70",1
참, Queenscliffe,2017,4 Western,참,거짓,2017,참,June,"4,587.50",134,"4,587.50",1
참, Mildura,2017,4 Western,참,거짓,2017,참,June,"9,294.40","5,150","9,294.40",1
참, Justice Institutions and Immigration Facilities,2017,Justice Institutions and Immigration Facilities,거짓,거짓,2017,참,June,,"1,258",,1
참, Hume,2017,1 North West Metro,참,거짓,2017,참,June,"7,518.80","16,251","7,518.80",1
참, Bayside,2017,3 Southern Metro,참,거짓,2017,참,June,"3,867.90","4,008","3,867.90",1
참, Darebin,2017,1 North West Metro,참,거짓,2017,참,June,"8,119.50","12,704","8,119.50",1
참, Golden Plains,2017,4 Western,참,거짓,2017,참,June,"2,393.80",541,"2,393.80",1
참, Yarriambiack,2017,4 Western,참,거짓,2017,참,June,"5,220.00",350,"5,220.00",1
참, Whitehorse,2017,2 Eastern,참,거짓,2017,참,June,"3,965.40","6,833","3,965.40",1
참, Gannawarra,2017,4 Western,참,거짓,2017,참,June,"5,010.90",531,"5,010.90",1
참, Colac-Otway,2017,4 Western,참,거짓,2017,참,June,"7,505.20","1,620","7,505.20",1
참, Murrindindi,2017,2 Eastern,참,거짓,2017,참,June,"3,598.90",514,"3,598.90",1
참, Warrnambool,2017,4 Western,참,거짓,2017,참,June,"7,889.60","2,722","7,889.60",1
참, Latrobe,2017,2 Eastern,참,거짓,2017,참,June,"13,288.80","9,973","13,288.80",1
참, Ballarat,2017,4 Western,참,거짓,2017,참,June,"8,812.50","9,297","8,812.50",1
참, Ararat,2017,4 Western,참,거짓,2017,참,June,"8,015.30",945,"8,015.30",1
참, Maribyrnong,2017,1 North West Metro,참,거짓,2017,참,June,"7,705.20","6,787","7,705.20",1
참, Wodonga,2017,2 Eastern,참,거짓,2017,참,June,"6,154.90","2,512","6,154.90",1
참, Horsham,2017,4 Western,참,거짓,2017,참,June,"8,514.00","1,700","8,514.00",1
참, South Gippsland,2017,2 Eastern,참,거짓,2017,참,June,"3,976.70","1,167","3,976.70",1
참, Banyule,2017,1 North West Metro,참,거짓,2017,참,June,"5,830.40","7,498","5,830.40",1
참, Bayside,2018,3 Southern Metro,참,거짓,2018,참,June,"3,714.20","3,883","3,714.20",1
참, East Gippsland,2018,2 Eastern,참,거짓,2018,참,June,"6,791.90","3,181","6,791.90",1
참, Strathbogie,2018,2 Eastern,참,거짓,2018,참,June,"4,158.90",446,"4,158.90",1
참, Corangamite,2018,4 Western,참,거짓,2018,참,June,"3,656.40",593,"3,656.40",1
참, Brimbank,2018,1 North West Metro,참,거짓,2018,참,June,"6,878.00","14,227","6,878.00",1
참, Alpine,2018,2 Eastern,참,거짓,2018,참,June,"2,725.10",349,"2,725.10",1
참, Banyule,2018,1 North West Metro,참,거짓,2018,참,June,"5,631.90","7,296","5,631.90",1
참, Mount Alexander,2018,4 Western,참,거짓,2018,참,June,"3,423.80",667,"3,423.80",1
참, Pyrenees,2018,4 Western,참,거짓,2018,참,June,"4,453.60",326,"4,453.60",1
참, Greater Geelong,2018,4 Western,참,거짓,2018,참,June,"6,386.20","16,152","6,386.20",1
참, Northern Grampians,2018,4 Western,참,거짓,2018,참,June,"6,641.40",772,"6,641.40",1
참, Hepburn,2018,4 Western,참,거짓,2018,참,June,"4,041.50",642,"4,041.50",1
참, Casey,2018,3 Southern Metro,참,거짓,2018,참,June,"4,409.60","14,895","4,409.60",1
참, Justice Institutions and Immigration Facilities,2018,Justice Institutions and Immigration Facilities,거짓,거짓,2018,참,June,,"1,491",,1
참, Port Phillip,2018,3 Southern Metro,참,거짓,2018,참,June,"8,766.10","9,702","8,766.10",1
참, Moyne,2018,4 Western,참,거짓,2018,참,June,"2,529.30",427,"2,529.30",1
참, Boroondara,2018,2 Eastern,참,거짓,2018,참,June,"3,135.10","5,621","3,135.10",1
참, Cardinia,2018,3 Southern Metro,참,거짓,2018,참,June,"4,113.60","4,395","4,113.60",1
참, Frankston,2018,3 Southern Metro,참,거짓,2018,참,June,"7,844.90","11,094","7,844.90",1
참, Wellington,2018,2 Eastern,참,거짓,2018,참,June,"6,170.90","2,727","6,170.90",1
참, Murrindindi,2018,2 Eastern,참,거짓,2018,참,June,"3,869.90",563,"3,869.90",1
참, Stonnington,2018,3 Southern Metro,참,거짓,2018,참,June,"7,218.00","8,177","7,218.00",1
참, Warrnambool,2018,4 Western,참,거짓,2018,참,June,"7,772.10","2,704","7,772.10",1
참, Wangaratta,2018,2 Eastern,참,거짓,2018,참,June,"5,974.50","1,747","5,974.50",1
거짓,Total,2018,2 Eastern,참,거짓,2018,참,June,"4,894.40","82,917","4,894.40",1
거짓,Total,2018,4 Western,참,거짓,2018,참,June,"6,084.20","60,874","6,084.20",1
거짓,Total,2018,Unincorporated Vic,거짓,거짓,2018,참,June,,107,,1
거짓,Total,2018,Justice Institutions and Immigration Facilities,거짓,거짓,2018,참,June,,"1,491",,1
거짓,Total,2018,1 North West Metro,참,거짓,2018,참,June,"6,882.00","148,856","6,882.00",1
거짓,Total,2018,3 Southern Metro,참,거짓,2018,참,June,"5,608.40","87,470","5,608.40",1
참, Bass Coast,2018,2 Eastern,참,거짓,2018,참,June,"4,555.90","1,642","4,555.90",1
참, Knox,2018,2 Eastern,참,거짓,2018,참,June,"5,210.70","8,459","5,210.70",1
참, Darebin,2018,1 North West Metro,참,거짓,2018,참,June,"7,273.30","11,419","7,273.30",1
참, Mansfield,2018,2 Eastern,참,거짓,2018,참,June,"4,211.30",385,"4,211.30",1
참, Latrobe,2018,2 Eastern,참,거짓,2018,참,June,"12,768.70","9,642","12,768.70",1
참, Hindmarsh,2018,4 Western,참,거짓,2018,참,June,"4,220.90",240,"4,220.90",1
참, Horsham,2018,4 Western,참,거짓,2018,참,June,"8,181.60","1,640","8,181.60",1
참, Greater Bendigo,2018,4 Western,참,거짓,2018,참,June,"6,148.70","7,137","6,148.70",1
참, West Wimmera,2018,4 Western,참,거짓,2018,참,June,"2,877.30",114,"2,877.30",1
참, Whitehorse,2018,2 Eastern,참,거짓,2018,참,June,"3,673.50","6,404","3,673.50",1
참, Mitchell,2018,2 Eastern,참,거짓,2018,참,June,"6,910.50","3,076","6,910.50",1
참, Yarra,2018,1 North West Metro,참,거짓,2018,참,June,"11,428.10","10,907","11,428.10",1
참, Ballarat,2018,4 Western,참,거짓,2018,참,June,"8,054.50","8,660","8,054.50",1
참, Ararat,2018,4 Western,참,거짓,2018,참,June,"7,505.10",885,"7,505.10",1
참, Glen Eira,2018,3 Southern Metro,참,거짓,2018,참,June,"3,323.90","5,062","3,323.90",1
참, Glenelg,2018,4 Western,참,거짓,2018,참,June,"5,574.30","1,108","5,574.30",1
참, Yarriambiack,2018,4 Western,참,거짓,2018,참,June,"5,184.50",347,"5,184.50",1
참, Moira,2018,2 Eastern,참,거짓,2018,참,June,"4,946.30","1,478","4,946.30",1
참, Queenscliffe,2018,4 Western,참,거짓,2018,참,June,"3,185.40",94,"3,185.40",1
참, Moorabool,2018,4 Western,참,거짓,2018,참,June,"5,027.40","1,741","5,027.40",1
참, Greater Shepparton,2018,2 Eastern,참,거짓,2018,참,June,"9,033.30","6,032","9,033.30",1
참, Kingston,2018,3 Southern Metro,참,거짓,2018,참,June,"4,958.50","8,011","4,958.50",1
참, Golden Plains,2018,4 Western,참,거짓,2018,참,June,"2,175.50",504,"2,175.50",1
참, Southern Grampians,2018,4 Western,참,거짓,2018,참,June,"6,678.50","1,087","6,678.50",1
참, Maroondah,2018,2 Eastern,참,거짓,2018,참,June,"4,992.60","5,843","4,992.60",1
참, Benalla,2018,2 Eastern,참,거짓,2018,참,June,"6,716.20",950,"6,716.20",1
참, Swan Hill,2018,4 Western,참,거짓,2018,참,June,"8,349.00","1,772","8,349.00",1
참, Monash,2018,2 Eastern,참,거짓,2018,참,June,"4,234.50","8,381","4,234.50",1
참, Surf Coast,2018,4 Western,참,거짓,2018,참,June,"2,723.50",891,"2,723.50",1
참, Campaspe,2018,4 Western,참,거짓,2018,참,June,"6,744.40","2,557","6,744.40",1
참, Moonee Valley,2018,1 North West Metro,참,거짓,2018,참,June,"5,402.90","6,775","5,402.90",1
참, Colac-Otway,2018,4 Western,참,거짓,2018,참,June,"5,824.60","1,270","5,824.60",1
참, Wyndham,2018,1 North West Metro,참,거짓,2018,참,June,"4,304.10","11,051","4,304.10",1
참, South Gippsland,2018,2 Eastern,참,거짓,2018,참,June,"3,195.10",945,"3,195.10",1
참, Greater Dandenong,2018,3 Southern Metro,참,거짓,2018,참,June,"8,424.20","13,883","8,424.20",1
참, Melbourne,2018,1 North West Metro,참,거짓,2018,참,June,"16,874.30","27,583","16,874.30",1
참, Hume,2018,1 North West Metro,참,거짓,2018,참,June,"6,851.40","15,438","6,851.40",1
참, Indigo,2018,2 Eastern,참,거짓,2018,참,June,"1,843.60",306,"1,843.60",1
참, Maribyrnong,2018,1 North West Metro,참,거짓,2018,참,June,"7,595.00","6,745","7,595.00",1
참, Macedon Ranges,2018,4 Western,참,거짓,2018,참,June,"3,059.60","1,507","3,059.60",1
참, Melton,2018,1 North West Metro,참,거짓,2018,참,June,"5,169.90","8,109","5,169.90",1
참, Baw Baw,2018,2 Eastern,참,거짓,2018,참,June,"5,714.60","2,994","5,714.60",1
참, Manningham,2018,2 Eastern,참,거짓,2018,참,June,"2,897.70","3,622","2,897.70",1
참, Buloke,2018,4 Western,참,거짓,2018,참,June,"2,963.90",184,"2,963.90",1
참, Moreland,2018,1 North West Metro,참,거짓,2018,참,June,"6,301.50","11,189","6,301.50",1
참, Unincorporated Vic,2018,Unincorporated Vic,거짓,거짓,2018,참,June,,107,,1
참, Mildura,2018,4 Western,참,거짓,2018,참,June,"9,089.10","5,100","9,089.10",1
참, Central Goldfields,2018,4 Western,참,거짓,2018,참,June,"7,456.60",993,"7,456.60",1
참, Gannawarra,2018,4 Western,참,거짓,2018,참,June,"3,993.60",423,"3,993.60",1
참, Mornington Peninsula,2018,3 Southern Metro,참,거짓,2018,참,June,"5,028.40","8,368","5,028.40",1
참, Wodonga,2018,2 Eastern,참,거짓,2018,참,June,"5,759.20","2,390","5,759.20",1
참, Towong,2018,2 Eastern,참,거짓,2018,참,June,"2,724.00",166,"2,724.00",1
참, Nillumbik,2018,1 North West Metro,참,거짓,2018,참,June,"2,676.30","1,726","2,676.30",1
참, Loddon,2018,4 Western,참,거짓,2018,참,June,"4,437.10",337,"4,437.10",1
참, Whittlesea,2018,1 North West Metro,참,거짓,2018,참,June,"5,248.20","11,568","5,248.20",1
참, Hobsons Bay,2018,1 North West Metro,참,거짓,2018,참,June,"5,072.60","4,823","5,072.60",1
참, Yarra Ranges,2018,2 Eastern,참,거짓,2018,참,June,"3,530.80","5,568","3,530.80",1
참, Kingston,2019,3 Southern Metro,참,거짓,2019,참,June,"5,377.80","8,767","5,377.80",1
참, Darebin,2019,1 North West Metro,참,거짓,2019,참,June,"7,104.10","11,165","7,104.10",1
참, Mansfield,2019,2 Eastern,참,거짓,2019,참,June,"3,488.60",328,"3,488.60",1
참, Yarriambiack,2019,4 Western,참,거짓,2019,참,June,"4,468.40",298,"4,468.40",1
참, Hindmarsh,2019,4 Western,참,거짓,2019,참,June,"4,539.00",257,"4,539.00",1
참, Mornington Peninsula,2019,3 Southern Metro,참,거짓,2019,참,June,"4,801.20","8,085","4,801.20",1
참, Whitehorse,2019,2 Eastern,참,거짓,2019,참,June,"3,686.70","6,479","3,686.70",1
참, Ballarat,2019,4 Western,참,거짓,2019,참,June,"7,403.60","8,118","7,403.60",1
참, Latrobe,2019,2 Eastern,참,거짓,2019,참,June,"12,915.30","9,819","12,915.30",1
참, Horsham,2019,4 Western,참,거짓,2019,참,June,"6,805.10","1,373","6,805.10",1
참, Northern Grampians,2019,4 Western,참,거짓,2019,참,June,"6,326.90",740,"6,326.90",1
참, Hume,2019,1 North West Metro,참,거짓,2019,참,June,"6,677.00","15,697","6,677.00",1
참, Golden Plains,2019,4 Western,참,거짓,2019,참,June,"1,972.40",469,"1,972.40",1
참, Buloke,2019,4 Western,참,거짓,2019,참,June,"3,296.00",203,"3,296.00",1
거짓,Total,2019,3 Southern Metro,참,거짓,2019,참,June,"5,668.60","89,969","5,668.60",1
거짓,Total,2019,2 Eastern,참,거짓,2019,참,June,"4,939.40","84,520","4,939.40",1
거짓,Total,2019,Justice Institutions and Immigration Facilities,거짓,거짓,2019,참,June,,"1,392",,1
거짓,Total,2019,Unincorporated Vic,거짓,거짓,2019,참,June,,99,,1
거짓,Total,2019,1 North West Metro,참,거짓,2019,참,June,"6,667.50","147,608","6,667.50",1
거짓,Total,2019,4 Western,참,거짓,2019,참,June,"6,114.80","62,237","6,114.80",1
참, Warrnambool,2019,4 Western,참,거짓,2019,참,June,"8,368.50","2,934","8,368.50",1
참, Loddon,2019,4 Western,참,거짓,2019,참,June,"4,947.50",377,"4,947.50",1
참, Baw Baw,2019,2 Eastern,참,거짓,2019,참,June,"6,179.40","3,335","6,179.40",1
참, Maroondah,2019,2 Eastern,참,거짓,2019,참,June,"5,119.20","6,033","5,119.20",1
참, Campaspe,2019,4 Western,참,거짓,2019,참,June,"7,922.00","3,017","7,922.00",1
참, Surf Coast,2019,4 Western,참,거짓,2019,참,June,"2,698.70",922,"2,698.70",1
참, Southern Grampians,2019,4 Western,참,거짓,2019,참,June,"6,198.00","1,014","6,198.00",1
참, Casey,2019,3 Southern Metro,참,거짓,2019,참,June,"4,665.70","16,404","4,665.70",1
참, Whittlesea,2019,1 North West Metro,참,거짓,2019,참,June,"5,271.80","11,905","5,271.80",1
참, Hobsons Bay,2019,1 North West Metro,참,거짓,2019,참,June,"5,083.30","4,866","5,083.30",1
참, Strathbogie,2019,2 Eastern,참,거짓,2019,참,June,"4,406.10",480,"4,406.10",1
참, Hepburn,2019,4 Western,참,거짓,2019,참,June,"3,998.30",643,"3,998.30",1
참, Brimbank,2019,1 North West Metro,참,거짓,2019,참,June,"6,854.40","14,162","6,854.40",1
참, Corangamite,2019,4 Western,참,거짓,2019,참,June,"3,020.90",488,"3,020.90",1
참, Colac-Otway,2019,4 Western,참,거짓,2019,참,June,"5,729.00","1,261","5,729.00",1
참, South Gippsland,2019,2 Eastern,참,거짓,2019,참,June,"3,797.60","1,135","3,797.60",1
참, Banyule,2019,1 North West Metro,참,거짓,2019,참,June,"5,394.00","7,038","5,394.00",1
참, Nillumbik,2019,1 North West Metro,참,거짓,2019,참,June,"2,613.30","1,683","2,613.30",1
참, Monash,2019,2 Eastern,참,거짓,2019,참,June,"4,114.60","8,215","4,114.60",1
참, Alpine,2019,2 Eastern,참,거짓,2019,참,June,"3,197.80",412,"3,197.80",1
참, Wellington,2019,2 Eastern,참,거짓,2019,참,June,"6,748.10","3,011","6,748.10",1
참, Central Goldfields,2019,4 Western,참,거짓,2019,참,June,"6,615.20",882,"6,615.20",1
참, Melton,2019,1 North West Metro,참,거짓,2019,참,June,"5,040.70","8,332","5,040.70",1
참, Stonnington,2019,3 Southern Metro,참,거짓,2019,참,June,"7,237.60","8,232","7,237.60",1
참, Wangaratta,2019,2 Eastern,참,거짓,2019,참,June,"5,751.10","1,691","5,751.10",1
참, Indigo,2019,2 Eastern,참,거짓,2019,참,June,"2,431.90",410,"2,431.90",1
참, East Gippsland,2019,2 Eastern,참,거짓,2019,참,June,"6,835.30","3,240","6,835.30",1
참, Manningham,2019,2 Eastern,참,거짓,2019,참,June,"2,772.40","3,514","2,772.40",1
참, Mitchell,2019,2 Eastern,참,거짓,2019,참,June,"6,638.20","3,074","6,638.20",1
참, Macedon Ranges,2019,4 Western,참,거짓,2019,참,June,"3,581.00","1,794","3,581.00",1
참, Wodonga,2019,2 Eastern,참,거짓,2019,참,June,"5,841.30","2,455","5,841.30",1
참, Yarra Ranges,2019,2 Eastern,참,거짓,2019,참,June,"3,662.40","5,808","3,662.40",1
참, Moonee Valley,2019,1 North West Metro,참,거짓,2019,참,June,"4,950.60","6,252","4,950.60",1
참, Port Phillip,2019,3 Southern Metro,참,거짓,2019,참,June,"8,634.00","9,645","8,634.00",1
참, Boroondara,2019,2 Eastern,참,거짓,2019,참,June,"3,111.20","5,586","3,111.20",1
참, Mildura,2019,4 Western,참,거짓,2019,참,June,"9,423.50","5,344","9,423.50",1
참, Moreland,2019,1 North West Metro,참,거짓,2019,참,June,"6,131.00","10,985","6,131.00",1
참, Melbourne,2019,1 North West Metro,참,거짓,2019,참,June,"15,463.40","26,152","15,463.40",1
참, Frankston,2019,3 Southern Metro,참,거짓,2019,참,June,"7,581.50","10,752","7,581.50",1
참, Gannawarra,2019,4 Western,참,거짓,2019,참,June,"6,133.30",647,"6,133.30",1
참, Murrindindi,2019,2 Eastern,참,거짓,2019,참,June,"3,872.50",570,"3,872.50",1
참, Moyne,2019,4 Western,참,거짓,2019,참,June,"2,862.70",486,"2,862.70",1
참, Cardinia,2019,3 Southern Metro,참,거짓,2019,참,June,"4,326.90","4,840","4,326.90",1
참, Bass Coast,2019,2 Eastern,참,거짓,2019,참,June,"4,841.90","1,810","4,841.90",1
참, Greater Dandenong,2019,3 Southern Metro,참,거짓,2019,참,June,"8,647.10","14,369","8,647.10",1
참, West Wimmera,2019,4 Western,참,거짓,2019,참,June,"3,623.60",144,"3,623.60",1
참, Greater Bendigo,2019,4 Western,참,거짓,2019,참,June,"7,084.40","8,364","7,084.40",1
참, Moira,2019,2 Eastern,참,거짓,2019,참,June,"5,958.30","1,791","5,958.30",1
참, Knox,2019,2 Eastern,참,거짓,2019,참,June,"4,930.60","8,044","4,930.60",1
참, Yarra,2019,1 North West Metro,참,거짓,2019,참,June,"11,387.20","10,984","11,387.20",1
참, Towong,2019,2 Eastern,참,거짓,2019,참,June,"2,673.60",164,"2,673.60",1
참, Justice Institutions and Immigration Facilities,2019,Justice Institutions and Immigration Facilities,거짓,거짓,2019,참,June,,"1,392",,1
참, Pyrenees,2019,4 Western,참,거짓,2019,참,June,"5,297.10",394,"5,297.10",1
참, Glen Eira,2019,3 Southern Metro,참,거짓,2019,참,June,"3,301.50","5,078","3,301.50",1
참, Glenelg,2019,4 Western,참,거짓,2019,참,June,"4,752.10",949,"4,752.10",1
참, Bayside,2019,3 Southern Metro,참,거짓,2019,참,June,"3,615.20","3,797","3,615.20",1
참, Greater Shepparton,2019,2 Eastern,참,거짓,2019,참,June,"9,158.90","6,197","9,158.90",1
참, Maribyrnong,2019,1 North West Metro,참,거짓,2019,참,June,"7,456.00","6,664","7,456.00",1
참, Mount Alexander,2019,4 Western,참,거짓,2019,참,June,"4,320.90",850,"4,320.90",1
참, Ararat,2019,4 Western,참,거짓,2019,참,June,"7,223.80",854,"7,223.80",1
참, Greater Geelong,2019,4 Western,참,거짓,2019,참,June,"6,095.50","15,835","6,095.50",1
참, Swan Hill,2019,4 Western,참,거짓,2019,참,June,"8,622.10","1,844","8,622.10",1
참, Benalla,2019,2 Eastern,참,거짓,2019,참,June,"6,463.20",919,"6,463.20",1
참, Queenscliffe,2019,4 Western,참,거짓,2019,참,June,"4,144.20",123,"4,144.20",1
참, Wyndham,2019,1 North West Metro,참,거짓,2019,참,June,"4,296.50","11,723","4,296.50",1
참, Unincorporated Vic,2019,Unincorporated Vic,거짓,거짓,2019,참,June,,99,,1
참, Moorabool,2019,4 Western,참,거짓,2019,참,June,"4,512.00","1,613","4,512.00",1
참, Cardinia,2020,3 Southern Metro,참,거짓,2020,참,June,"4,673.20","5,435","4,673.20",1
참, Northern Grampians,2020,4 Western,참,거짓,2020,참,June,"6,592.00",777,"6,592.00",1
참, Bayside,2020,3 Southern Metro,참,거짓,2020,참,June,"3,870.10","4,059","3,870.10",1
참, Macedon Ranges,2020,4 Western,참,거짓,2020,참,June,"3,416.90","1,736","3,416.90",1
참, South Gippsland,2020,2 Eastern,참,거짓,2020,참,June,"4,238.60","1,281","4,238.60",1
참, Hume,2020,1 North West Metro,참,거짓,2020,참,June,"6,419.70","15,616","6,419.70",1
참, Surf Coast,2020,4 Western,참,거짓,2020,참,June,"2,953.20","1,056","2,953.20",1
참, Alpine,2020,2 Eastern,참,거짓,2020,참,June,"3,377.30",440,"3,377.30",1
참, Yarriambiack,2020,4 Western,참,거짓,2020,참,June,"5,321.90",353,"5,321.90",1
참, Colac-Otway,2020,4 Western,참,거짓,2020,참,June,"6,196.60","1,378","6,196.60",1
참, Moyne,2020,4 Western,참,거짓,2020,참,June,"2,936.00",501,"2,936.00",1
참, Melton,2020,1 North West Metro,참,거짓,2020,참,June,"5,536.50","9,591","5,536.50",1
참, Wodonga,2020,2 Eastern,참,거짓,2020,참,June,"6,616.90","2,818","6,616.90",1
참, Towong,2020,2 Eastern,참,거짓,2020,참,June,"2,500.00",154,"2,500.00",1
거짓,Total,2020,Justice Institutions and Immigration Facilities,거짓,거짓,2020,참,June,,"1,424",,1
거짓,Total,2020,1 North West Metro,참,거짓,2020,참,June,"6,869.00","154,371","6,869.00",1
거짓,Total,2020,2 Eastern,참,거짓,2020,참,June,"5,302.80","91,305","5,302.80",1
거짓,Total,2020,4 Western,참,거짓,2020,참,June,"6,159.70","63,668","6,159.70",1
거짓,Total,2020,3 Southern Metro,참,거짓,2020,참,June,"5,980.20","95,827","5,980.20",1
거짓,Total,2020,Unincorporated Vic,거짓,거짓,2020,참,June,,110,,1
참, Kingston,2020,3 Southern Metro,참,거짓,2020,참,June,"5,465.60","8,908","5,465.60",1
참, Indigo,2020,2 Eastern,참,거짓,2020,참,June,"2,598.20",444,"2,598.20",1
참, Casey,2020,3 Southern Metro,참,거짓,2020,참,June,"4,780.60","17,372","4,780.60",1
참, Latrobe,2020,2 Eastern,참,거짓,2020,참,June,"13,135.90","10,060","13,135.90",1
참, Frankston,2020,3 Southern Metro,참,거짓,2020,참,June,"7,925.50","11,253","7,925.50",1
참, Stonnington,2020,3 Southern Metro,참,거짓,2020,참,June,"8,308.40","9,349","8,308.40",1
참, Wangaratta,2020,2 Eastern,참,거짓,2020,참,June,"6,064.20","1,787","6,064.20",1
참, Maribyrnong,2020,1 North West Metro,참,거짓,2020,참,June,"8,183.00","7,308","8,183.00",1
참, Darebin,2020,1 North West Metro,참,거짓,2020,참,June,"7,446.20","11,681","7,446.20",1
참, Greater Bendigo,2020,4 Western,참,거짓,2020,참,June,"6,901.80","8,265","6,901.80",1
참, West Wimmera,2020,4 Western,참,거짓,2020,참,June,"3,435.30",137,"3,435.30",1
참, Glenelg,2020,4 Western,참,거짓,2020,참,June,"5,717.60","1,145","5,717.60",1
참, Banyule,2020,1 North West Metro,참,거짓,2020,참,June,"5,316.60","6,918","5,316.60",1
참, Greater Geelong,2020,4 Western,참,거짓,2020,참,June,"6,442.20","17,107","6,442.20",1
참, Mansfield,2020,2 Eastern,참,거짓,2020,참,June,"3,325.80",325,"3,325.80",1
참, Hindmarsh,2020,4 Western,참,거짓,2020,참,June,"4,505.30",255,"4,505.30",1
참, Glen Eira,2020,3 Southern Metro,참,거짓,2020,참,June,"4,086.60","6,313","4,086.60",1
참, Knox,2020,2 Eastern,참,거짓,2020,참,June,"5,553.90","9,054","5,553.90",1
참, Hepburn,2020,4 Western,참,거짓,2020,참,June,"4,267.30",696,"4,267.30",1
참, Gannawarra,2020,4 Western,참,거짓,2020,참,June,"5,597.70",591,"5,597.70",1
참, Wyndham,2020,1 North West Metro,참,거짓,2020,참,June,"4,785.30","13,724","4,785.30",1
참, Moira,2020,2 Eastern,참,거짓,2020,참,June,"5,819.30","1,760","5,819.30",1
참, Swan Hill,2020,4 Western,참,거짓,2020,참,June,"8,182.70","1,757","8,182.70",1
참, Mitchell,2020,2 Eastern,참,거짓,2020,참,June,"6,604.30","3,169","6,604.30",1
참, Pyrenees,2020,4 Western,참,거짓,2020,참,June,"4,820.70",363,"4,820.70",1
참, Greater Shepparton,2020,2 Eastern,참,거짓,2020,참,June,"9,253.00","6,327","9,253.00",1
참, Yarra Ranges,2020,2 Eastern,참,거짓,2020,참,June,"3,870.60","6,141","3,870.60",1
참, Unincorporated Vic,2020,Unincorporated Vic,거짓,거짓,2020,참,June,,110,,1
참, Buloke,2020,4 Western,참,거짓,2020,참,June,"4,572.10",281,"4,572.10",1
참, Moorabool,2020,4 Western,참,거짓,2020,참,June,"4,631.00","1,708","4,631.00",1
참, Moonee Valley,2020,1 North West Metro,참,거짓,2020,참,June,"5,242.30","6,638","5,242.30",1
참, East Gippsland,2020,2 Eastern,참,거짓,2020,참,June,"7,666.90","3,664","7,666.90",1
참, Mildura,2020,4 Western,참,거짓,2020,참,June,"9,616.30","5,506","9,616.30",1
참, Greater Dandenong,2020,3 Southern Metro,참,거짓,2020,참,June,"8,800.60","14,563","8,800.60",1
참, Strathbogie,2020,2 Eastern,참,거짓,2020,참,June,"3,842.40",428,"3,842.40",1
참, Benalla,2020,2 Eastern,참,거짓,2020,참,June,"6,616.50",950,"6,616.50",1
참, Corangamite,2020,4 Western,참,거짓,2020,참,June,"3,581.00",576,"3,581.00",1
참, Brimbank,2020,1 North West Metro,참,거짓,2020,참,June,"7,658.40","15,623","7,658.40",1
참, Monash,2020,2 Eastern,참,거짓,2020,참,June,"4,745.80","9,522","4,745.80",1
참, Mount Alexander,2020,4 Western,참,거짓,2020,참,June,"4,255.00",847,"4,255.00",1
참, Mornington Peninsula,2020,3 Southern Metro,참,거짓,2020,참,June,"5,124.40","8,707","5,124.40",1
참, Southern Grampians,2020,4 Western,참,거짓,2020,참,June,"5,388.70",888,"5,388.70",1
참, Ballarat,2020,4 Western,참,거짓,2020,참,June,"7,585.50","8,456","7,585.50",1
참, Ararat,2020,4 Western,참,거짓,2020,참,June,"8,423.00","1,002","8,423.00",1
참, Murrindindi,2020,2 Eastern,참,거짓,2020,참,June,"4,223.10",627,"4,223.10",1
참, Warrnambool,2020,4 Western,참,거짓,2020,참,June,"6,773.60","2,395","6,773.60",1
참, Campaspe,2020,4 Western,참,거짓,2020,참,June,"6,908.20","2,647","6,908.20",1
참, Central Goldfields,2020,4 Western,참,거짓,2020,참,June,"6,459.90",858,"6,459.90",1
참, Horsham,2020,4 Western,참,거짓,2020,참,June,"7,159.40","1,457","7,159.40",1
참, Port Phillip,2020,3 Southern Metro,참,거짓,2020,참,June,"8,931.90","9,868","8,931.90",1
참, Melbourne,2020,1 North West Metro,참,거짓,2020,참,June,"15,440.30","26,373","15,440.30",1
참, Justice Institutions and Immigration Facilities,2020,Justice Institutions and Immigration Facilities,거짓,거짓,2020,참,June,,"1,424",,1
참, Boroondara,2020,2 Eastern,참,거짓,2020,참,June,"3,807.60","6,767","3,807.60",1
참, Wellington,2020,2 Eastern,참,거짓,2020,참,June,"7,359.70","3,314","7,359.70",1
참, Baw Baw,2020,2 Eastern,참,거짓,2020,참,June,"6,471.10","3,601","6,471.10",1
참, Nillumbik,2020,1 North West Metro,참,거짓,2020,참,June,"2,531.30","1,626","2,531.30",1
참, Queenscliffe,2020,4 Western,참,거짓,2020,참,June,"3,172.50",98,"3,172.50",1
참, Yarra,2020,1 North West Metro,참,거짓,2020,참,June,"11,853.30","11,444","11,853.30",1
참, Loddon,2020,4 Western,참,거짓,2020,참,June,"4,761.90",364,"4,761.90",1
참, Manningham,2020,2 Eastern,참,거짓,2020,참,June,"2,799.30","3,578","2,799.30",1
참, Whittlesea,2020,1 North West Metro,참,거짓,2020,참,June,"5,228.50","12,062","5,228.50",1
참, Hobsons Bay,2020,1 North West Metro,참,거짓,2020,참,June,"4,986.90","4,741","4,986.90",1
참, Bass Coast,2020,2 Eastern,참,거짓,2020,참,June,"4,767.30","1,853","4,767.30",1
참, Moreland,2020,1 North West Metro,참,거짓,2020,참,June,"6,131.90","11,026","6,131.90",1
참, Golden Plains,2020,4 Western,참,거짓,2020,참,June,"1,924.20",468,"1,924.20",1
참, Whitehorse,2020,2 Eastern,참,거짓,2020,참,June,"4,176.70","7,377","4,176.70",1
참, Maroondah,2020,2 Eastern,참,거짓,2020,참,June,"4,963.80","5,864","4,963.80",1
참, Banyule,2021,1 North West Metro,참,거짓,2021,참,June,"4,862.00","6,193","4,862.00",1
참, Benalla,2021,2 Eastern,참,거짓,2021,참,June,"6,943.40","1,002","6,943.40",1
참, Melbourne,2021,1 North West Metro,참,거짓,2021,참,June,"16,651.50","25,589","16,651.50",1
참, Northern Grampians,2021,4 Western,참,거짓,2021,참,June,"7,522.10",894,"7,522.10",1
참, Stonnington,2021,3 Southern Metro,참,거짓,2021,참,June,"8,346.00","8,870","8,346.00",1
참, Wangaratta,2021,2 Eastern,참,거짓,2021,참,June,"5,474.10","1,628","5,474.10",1
참, Yarra,2021,1 North West Metro,참,거짓,2021,참,June,"11,230.80","10,281","11,230.80",1
참, Buloke,2021,4 Western,참,거짓,2021,참,June,"3,491.00",214,"3,491.00",1
참, Manningham,2021,2 Eastern,참,거짓,2021,참,June,"2,629.80","3,309","2,629.80",1
참, Moonee Valley,2021,1 North West Metro,참,거짓,2021,참,June,"5,017.70","6,170","5,017.70",1
참, Bass Coast,2021,2 Eastern,참,거짓,2021,참,June,"5,260.70","2,138","5,260.70",1
참, Ararat,2021,4 Western,참,거짓,2021,참,June,"9,457.70","1,118","9,457.70",1
참, West Wimmera,2021,4 Western,참,거짓,2021,참,June,"3,017.30",120,"3,017.30",1
참, Greater Bendigo,2021,4 Western,참,거짓,2021,참,June,"6,583.00","7,980","6,583.00",1
참, Latrobe,2021,2 Eastern,참,거짓,2021,참,June,"11,371.70","8,766","11,371.70",1
거짓,Total,2021,4 Western,참,거짓,2021,참,June,"5,574.70","58,390","5,574.70",1
거짓,Total,2021,Unincorporated Vic,거짓,거짓,2021,참,June,,31,,1
거짓,Total,2021,3 Southern Metro,참,거짓,2021,참,June,"5,525.60","87,454","5,525.60",1
거짓,Total,2021,1 North West Metro,참,거짓,2021,참,June,"6,582.10","145,751","6,582.10",1
거짓,Total,2021,2 Eastern,참,거짓,2021,참,June,"4,963.70","84,513","4,963.70",1
거짓,Total,2021,Justice Institutions and Immigration Facilities,거짓,거짓,2021,참,June,,"1,185",,1
참, Moorabool,2021,4 Western,참,거짓,2021,참,June,"5,243.40","1,987","5,243.40",1
참, Whittlesea,2021,1 North West Metro,참,거짓,2021,참,June,"4,818.80","11,170","4,818.80",1
참, Hobsons Bay,2021,1 North West Metro,참,거짓,2021,참,June,"4,803.00","4,432","4,803.00",1
참, Glenelg,2021,4 Western,참,거짓,2021,참,June,"5,300.20","1,063","5,300.20",1
참, East Gippsland,2021,2 Eastern,참,거짓,2021,참,June,"7,368.00","3,570","7,368.00",1
참, Nillumbik,2021,1 North West Metro,참,거짓,2021,참,June,"2,326.10","1,476","2,326.10",1
참, Mount Alexander,2021,4 Western,참,거짓,2021,참,June,"3,466.60",697,"3,466.60",1
참, Mildura,2021,4 Western,참,거짓,2021,참,June,"7,423.30","4,229","7,423.30",1
참, Casey,2021,3 Southern Metro,참,거짓,2021,참,June,"4,237.60","15,656","4,237.60",1
참, Hume,2021,1 North West Metro,참,거짓,2021,참,June,"6,179.10","15,253","6,179.10",1
참, Cardinia,2021,3 Southern Metro,참,거짓,2021,참,June,"4,600.00","5,498","4,600.00",1
참, Indigo,2021,2 Eastern,참,거짓,2021,참,June,"2,417.50",417,"2,417.50",1
참, Towong,2021,2 Eastern,참,거짓,2021,참,June,"2,717.10",168,"2,717.10",1
참, Pyrenees,2021,4 Western,참,거짓,2021,참,June,"4,466.00",340,"4,466.00",1
참, Colac-Otway,2021,4 Western,참,거짓,2021,참,June,"5,030.50","1,122","5,030.50",1
참, Murrindindi,2021,2 Eastern,참,거짓,2021,참,June,"4,202.50",636,"4,202.50",1
참, Warrnambool,2021,4 Western,참,거짓,2021,참,June,"6,321.50","2,239","6,321.50",1
참, Mitchell,2021,2 Eastern,참,거짓,2021,참,June,"6,022.10","2,992","6,022.10",1
참, Moira,2021,2 Eastern,참,거짓,2021,참,June,"5,630.80","1,709","5,630.80",1
참, Maribyrnong,2021,1 North West Metro,참,거짓,2021,참,June,"8,191.20","7,077","8,191.20",1
참, Port Phillip,2021,3 Southern Metro,참,거짓,2021,참,June,"9,941.30","10,290","9,941.30",1
참, Boroondara,2021,2 Eastern,참,거짓,2021,참,June,"3,236.60","5,499","3,236.60",1
참, Macedon Ranges,2021,4 Western,참,거짓,2021,참,June,"3,396.90","1,752","3,396.90",1
참, Loddon,2021,4 Western,참,거짓,2021,참,June,"5,558.40",428,"5,558.40",1
참, Horsham,2021,4 Western,참,거짓,2021,참,June,"7,040.10","1,434","7,040.10",1
참, Kingston,2021,3 Southern Metro,참,거짓,2021,참,June,"4,793.60","7,649","4,793.60",1
참, Wodonga,2021,2 Eastern,참,거짓,2021,참,June,"5,492.90","2,372","5,492.90",1
참, Ballarat,2021,4 Western,참,거짓,2021,참,June,"6,402.80","7,266","6,402.80",1
참, Wellington,2021,2 Eastern,참,거짓,2021,참,June,"6,824.80","3,102","6,824.80",1
참, Campaspe,2021,4 Western,참,거짓,2021,참,June,"6,301.70","2,429","6,301.70",1
참, Melton,2021,1 North West Metro,참,거짓,2021,참,June,"5,306.70","9,617","5,306.70",1
참, Greater Dandenong,2021,3 Southern Metro,참,거짓,2021,참,June,"8,449.70","13,534","8,449.70",1
참, Yarra Ranges,2021,2 Eastern,참,거짓,2021,참,June,"3,734.60","5,879","3,734.60",1
참, Queenscliffe,2021,4 Western,참,거짓,2021,참,June,"2,411.10",78,"2,411.10",1
참, Knox,2021,2 Eastern,참,거짓,2021,참,June,"4,863.40","7,805","4,863.40",1
참, Bayside,2021,3 Southern Metro,참,거짓,2021,참,June,"3,583.30","3,667","3,583.30",1
참, Justice Institutions and Immigration Facilities,2021,Justice Institutions and Immigration Facilities,거짓,거짓,2021,참,June,,"1,185",,1
참, Moreland,2021,1 North West Metro,참,거짓,2021,참,June,"5,822.30","10,104","5,822.30",1
참, Golden Plains,2021,4 Western,참,거짓,2021,참,June,"1,788.70",445,"1,788.70",1
참, Frankston,2021,3 Southern Metro,참,거짓,2021,참,June,"6,805.70","9,583","6,805.70",1
참, Whitehorse,2021,2 Eastern,참,거짓,2021,참,June,"3,860.60","6,608","3,860.60",1
참, Central Goldfields,2021,4 Western,참,거짓,2021,참,June,"5,828.70",780,"5,828.70",1
참, Maroondah,2021,2 Eastern,참,거짓,2021,참,June,"4,882.00","5,667","4,882.00",1
참, Darebin,2021,1 North West Metro,참,거짓,2021,참,June,"7,533.80","11,326","7,533.80",1
참, Moyne,2021,4 Western,참,거짓,2021,참,June,"2,943.70",509,"2,943.70",1
참, Yarriambiack,2021,4 Western,참,거짓,2021,참,June,"4,530.80",295,"4,530.80",1
참, Baw Baw,2021,2 Eastern,참,거짓,2021,참,June,"5,951.70","3,427","5,951.70",1
참, Wyndham,2021,1 North West Metro,참,거짓,2021,참,June,"4,301.60","12,741","4,301.60",1
참, Hepburn,2021,4 Western,참,거짓,2021,참,June,"2,791.90",460,"2,791.90",1
참, Greater Geelong,2021,4 Western,참,거짓,2021,참,June,"5,600.60","15,165","5,600.60",1
참, Southern Grampians,2021,4 Western,참,거짓,2021,참,June,"4,742.80",782,"4,742.80",1
참, Swan Hill,2021,4 Western,참,거짓,2021,참,June,"8,600.30","1,839","8,600.30",1
참, Mansfield,2021,2 Eastern,참,거짓,2021,참,June,"3,955.70",400,"3,955.70",1
참, Hindmarsh,2021,4 Western,참,거짓,2021,참,June,"5,533.90",313,"5,533.90",1
참, Greater Shepparton,2021,2 Eastern,참,거짓,2021,참,June,"8,632.30","5,915","8,632.30",1
참, Monash,2021,2 Eastern,참,거짓,2021,참,June,"4,853.60","9,370","4,853.60",1
참, Alpine,2021,2 Eastern,참,거짓,2021,참,June,"2,827.60",372,"2,827.60",1
참, South Gippsland,2021,2 Eastern,참,거짓,2021,참,June,"4,226.70","1,284","4,226.70",1
참, Surf Coast,2021,4 Western,참,거짓,2021,참,June,"3,117.80","1,173","3,117.80",1
참, Strathbogie,2021,2 Eastern,참,거짓,2021,참,June,"4,206.30",478,"4,206.30",1
참, Glen Eira,2021,3 Southern Metro,참,거짓,2021,참,June,"3,780.10","5,696","3,780.10",1
참, Corangamite,2021,4 Western,참,거짓,2021,참,June,"3,830.60",614,"3,830.60",1
참, Brimbank,2021,1 North West Metro,참,거짓,2021,참,June,"7,280.70","14,322","7,280.70",1
참, Mornington Peninsula,2021,3 Southern Metro,참,거짓,2021,참,June,"4,114.70","7,011","4,114.70",1
참, Gannawarra,2021,4 Western,참,거짓,2021,참,June,"5,889.60",625,"5,889.60",1
참, Unincorporated Vic,2021,Unincorporated Vic,거짓,거짓,2021,참,June,,31,,1
참, Port Phillip,2022,3 Southern Metro,참,참,2022,참,June,"8,900.30","9,185","8,900.30",1
참, Boroondara,2022,2 Eastern,참,참,2022,참,June,"3,246.70","5,468","3,246.70",1
참, Wellington,2022,2 Eastern,참,참,2022,참,June,"6,632.40","3,038","6,632.40",1
참, Bayside,2022,3 Southern Metro,참,참,2022,참,June,"3,460.30","3,495","3,460.30",1
참, Moorabool,2022,4 Western,참,참,2022,참,June,"3,747.80","1,456","3,747.80",1
참, Cardinia,2022,3 Southern Metro,참,참,2022,참,June,"3,690.90","4,531","3,690.90",1
참, East Gippsland,2022,2 Eastern,참,참,2022,참,June,"7,439.00","3,654","7,439.00",1
참, Casey,2022,3 Southern Metro,참,참,2022,참,June,"3,684.90","13,891","3,684.90",1
참, Hepburn,2022,4 Western,참,참,2022,참,June,"2,663.30",443,"2,663.30",1
참, Northern Grampians,2022,4 Western,참,참,2022,참,June,"6,661.40",793,"6,661.40",1
거짓,Total,2022,3 Southern Metro,참,참,2022,참,June,"4,880.20","77,435","4,880.20",1
거짓,Total,2022,Unincorporated Vic,거짓,참,2022,참,June,,85,,1
거짓,Total,2022,4 Western,참,참,2022,참,June,"5,399.00","57,352","5,399.00",1
거짓,Total,2022,2 Eastern,참,참,2022,참,June,"4,459.80","76,011","4,459.80",1
거짓,Total,2022,Justice Institutions and Immigration Facilities,거짓,참,2022,참,June,,860,,1
거짓,Total,2022,1 North West Metro,참,참,2022,참,June,"5,789.50","129,597","5,789.50",1
참, Queenscliffe,2022,4 Western,참,참,2022,참,June,"3,292.00",110,"3,292.00",1
참, Yarra,2022,1 North West Metro,참,참,2022,참,June,"9,460.80","8,719","9,460.80",1
참, Mildura,2022,4 Western,참,참,2022,참,June,"9,082.80","5,179","9,082.80",1
참, Maribyrnong,2022,1 North West Metro,참,참,2022,참,June,"7,889.40","6,854","7,889.40",1
참, Justice Institutions and Immigration Facilities,2022,Justice Institutions and Immigration Facilities,거짓,참,2022,참,June,,860,,1
참, Unincorporated Vic,2022,Unincorporated Vic,거짓,참,2022,참,June,,85,,1
참, Greater Shepparton,2022,2 Eastern,참,참,2022,참,June,"8,265.40","5,688","8,265.40",1
참, Glenelg,2022,4 Western,참,참,2022,참,June,"6,280.90","1,260","6,280.90",1
참, Golden Plains,2022,4 Western,참,참,2022,참,June,"1,763.60",448,"1,763.60",1
참, Southern Grampians,2022,4 Western,참,참,2022,참,June,"4,597.80",756,"4,597.80",1
참, Baw Baw,2022,2 Eastern,참,참,2022,참,June,"4,977.30","2,958","4,977.30",1
참, Manningham,2022,2 Eastern,참,참,2022,참,June,"2,227.20","2,778","2,227.20",1
참, Bass Coast,2022,2 Eastern,참,참,2022,참,June,"5,096.30","2,137","5,096.30",1
참, Surf Coast,2022,4 Western,참,참,2022,참,June,"2,477.90",970,"2,477.90",1
참, Yarriambiack,2022,4 Western,참,참,2022,참,June,"4,804.30",308,"4,804.30",1
참, Moira,2022,2 Eastern,참,참,2022,참,June,"4,769.60","1,455","4,769.60",1
참, Ballarat,2022,4 Western,참,참,2022,참,June,"6,629.80","7,678","6,629.80",1
참, Mornington Peninsula,2022,3 Southern Metro,참,참,2022,참,June,"3,863.10","6,602","3,863.10",1
참, Mitchell,2022,2 Eastern,참,참,2022,참,June,"4,499.70","2,319","4,499.70",1
참, Wyndham,2022,1 North West Metro,참,참,2022,참,June,"3,957.90","12,173","3,957.90",1
참, Pyrenees,2022,4 Western,참,참,2022,참,June,"3,936.90",302,"3,936.90",1
참, Alpine,2022,2 Eastern,참,참,2022,참,June,"2,876.90",381,"2,876.90",1
참, Horsham,2022,4 Western,참,참,2022,참,June,"7,899.20","1,610","7,899.20",1
참, Nillumbik,2022,1 North West Metro,참,참,2022,참,June,"2,054.60","1,293","2,054.60",1
참, Hobsons Bay,2022,1 North West Metro,참,참,2022,참,June,"5,213.70","4,781","5,213.70",1
참, Whittlesea,2022,1 North West Metro,참,참,2022,참,June,"3,693.50","8,664","3,693.50",1
참, Strathbogie,2022,2 Eastern,참,참,2022,참,June,"3,521.10",406,"3,521.10",1
참, Corangamite,2022,4 Western,참,참,2022,참,June,"3,616.70",577,"3,616.70",1
참, Brimbank,2022,1 North West Metro,참,참,2022,참,June,"6,107.70","11,883","6,107.70",1
참, Banyule,2022,1 North West Metro,참,참,2022,참,June,"4,114.60","5,198","4,114.60",1
참, Mount Alexander,2022,4 Western,참,참,2022,참,June,"3,567.00",725,"3,567.00",1
참, Greater Geelong,2022,4 Western,참,참,2022,참,June,"5,309.90","14,703","5,309.90",1
참, Loddon,2022,4 Western,참,참,2022,참,June,"4,871.40",376,"4,871.40",1
참, Towong,2022,2 Eastern,참,참,2022,참,June,"2,029.40",126,"2,029.40",1
참, Darebin,2022,1 North West Metro,참,참,2022,참,June,"6,106.60","9,113","6,106.60",1
참, Wodonga,2022,2 Eastern,참,참,2022,참,June,"6,150.80","2,698","6,150.80",1
참, Mansfield,2022,2 Eastern,참,참,2022,참,June,"3,018.20",311,"3,018.20",1
참, Campaspe,2022,4 Western,참,참,2022,참,June,"6,486.40","2,511","6,486.40",1
참, Hindmarsh,2022,4 Western,참,참,2022,참,June,"4,662.90",263,"4,662.90",1
참, West Wimmera,2022,4 Western,참,참,2022,참,June,"3,454.60",136,"3,454.60",1
참, Greater Bendigo,2022,4 Western,참,참,2022,참,June,"5,981.00","7,354","5,981.00",1
참, Colac-Otway,2022,4 Western,참,참,2022,참,June,"5,253.30","1,172","5,253.30",1
참, Melton,2022,1 North West Metro,참,참,2022,참,June,"4,539.00","8,655","4,539.00",1
참, South Gippsland,2022,2 Eastern,참,참,2022,참,June,"3,907.50","1,198","3,907.50",1
참, Melbourne,2022,1 North West Metro,참,참,2022,참,June,"16,427.50","25,482","16,427.50",1
참, Hume,2022,1 North West Metro,참,참,2022,참,June,"4,702.30","11,855","4,702.30",1
참, Buloke,2022,4 Western,참,참,2022,참,June,"3,711.60",227,"3,711.60",1
참, Kingston,2022,3 Southern Metro,참,참,2022,참,June,"4,429.20","7,005","4,429.20",1
참, Glen Eira,2022,3 Southern Metro,참,참,2022,참,June,"3,439.40","5,139","3,439.40",1
참, Gannawarra,2022,4 Western,참,참,2022,참,June,"5,083.60",541,"5,083.60",1
참, Indigo,2022,2 Eastern,참,참,2022,참,June,"2,796.20",485,"2,796.20",1
참, Swan Hill,2022,4 Western,참,참,2022,참,June,"7,753.90","1,648","7,753.90",1
참, Moreland,2022,1 North West Metro,참,참,2022,참,June,"5,167.30","8,912","5,167.30",1
참, Central Goldfields,2022,4 Western,참,참,2022,참,June,"6,088.10",817,"6,088.10",1
참, Whitehorse,2022,2 Eastern,참,참,2022,참,June,"3,187.70","5,441","3,187.70",1
참, Ararat,2022,4 Western,참,참,2022,참,June,"7,609.80",902,"7,609.80",1
참, Maroondah,2022,2 Eastern,참,참,2022,참,June,"4,320.70","4,984","4,320.70",1
참, Moonee Valley,2022,1 North West Metro,참,참,2022,참,June,"4,922.30","6,015","4,922.30",1
참, Latrobe,2022,2 Eastern,참,참,2022,참,June,"9,879.40","7,651","9,879.40",1
참, Monash,2022,2 Eastern,참,참,2022,참,June,"4,378.20","8,400","4,378.20",1
참, Benalla,2022,2 Eastern,참,참,2022,참,June,"6,480.30",938,"6,480.30",1
참, Knox,2022,2 Eastern,참,참,2022,참,June,"4,038.70","6,424","4,038.70",1
참, Macedon Ranges,2022,4 Western,참,참,2022,참,June,"2,711.70","1,420","2,711.70",1
참, Greater Dandenong,2022,3 Southern Metro,참,참,2022,참,June,"7,154.10","11,358","7,154.10",1
참, Yarra Ranges,2022,2 Eastern,참,참,2022,참,June,"3,141.10","4,925","3,141.10",1
참, Frankston,2022,3 Southern Metro,참,참,2022,참,June,"5,935.40","8,322","5,935.40",1
참, Moyne,2022,4 Western,참,참,2022,참,June,"3,058.20",533,"3,058.20",1
참, Murrindindi,2022,2 Eastern,참,참,2022,참,June,"3,372.00",515,"3,372.00",1
참, Stonnington,2022,3 Southern Metro,참,참,2022,참,June,"7,506.70","7,907","7,506.70",1
참, Warrnambool,2022,4 Western,참,참,2022,참,June,"5,982.20","2,134","5,982.20",1
참, Wangaratta,2022,2 Eastern,참,참,2022,참,June,"5,451.30","1,633","5,451.30",1
